,company_url,Market_cap,Current_Price,High,Low,P_E,Book_Value,Dividend_Yield,ROCE,ROE,Face_Value,Sales_growth,Up_from_52w_low,Industry_PE,No_Eq_Shares,Sales_growth_3Years,Down_from_52w_high,RSI,EPS_latest_quarter,From_52w_high,Debt_to_equity
0,https://www.screener.in/company/GSFC/consolidated/,11297.0,284.0,306.0,116.0,10.7,310.0,3.52,13.1,10.6,2.0,8.2,145.0,26.6,39.8,13.4,7.27,65.3,7.75,0.93,0.0
1,https://www.screener.in/company/JBMA/consolidated/,22355.0,1890.0,2007.0,482.0,163.0,90.1,0.07,11.8,12.9,2.0,9.31,292.0,33.2,11.8,25.6,5.84,70.7,3.74,0.94,1.93
2,https://www.screener.in/company/ALKYLAMINE/consolidated/,12072.0,2360.0,2798.0,2119.0,63.7,105.0,0.42,41.3,41.4,2.0,17.3,11.4,34.3,5.11,25.6,15.6,43.0,9.65,0.84,0.16
4,https://www.screener.in/company/IDEA/consolidated/,73555.0,15.1,18.4,5.7,,-18.7,0.0,0.0,0.0,10.0,3.76,165.0,57.1,4868.0,-2.11,18.0,49.4,-1.79,0.82,0.0
5,https://www.screener.in/company/SPARC/consolidated/,12299.0,379.0,424.0,160.0,,10.2,0.0,0.0,0.0,1.0,0.0,136.0,38.7,32.4,0.0,10.5,64.0,-2.66,0.89,0.04
6,https://www.screener.in/company/ENGINERSIN/consolidated/,12576.0,224.0,232.0,70.0,26.6,38.5,1.34,23.7,18.4,5.0,6.82,219.0,38.3,56.2,0.95,3.85,72.6,2.27,0.96,0.01
7,https://www.screener.in/company/JUBLPHARMA/consolidated/,8842.0,555.0,598.0,269.0,,340.0,0.9,3.13,-6.89,1.0,10.3,106.0,39.6,15.9,1.68,7.27,56.5,3.92,0.93,0.68
8,https://www.screener.in/company/GNFC/consolidated/,11318.0,728.0,815.0,484.0,12.1,568.0,4.12,22.6,17.2,10.0,-16.9,50.3,34.3,15.5,25.6,10.7,43.4,11.7,0.89,0.02
9,https://www.screener.in/company/GUJGASLTD/consolidated/,38367.0,558.0,566.0,397.0,30.6,103.0,1.19,31.2,24.2,2.0,-19.6,40.5,19.4,68.8,17.6,1.55,86.9,4.3,0.98,0.02
10,https://www.screener.in/company/CIEINDIA/consolidated/,18769.0,494.0,580.0,332.0,24.5,134.0,0.0,14.6,-1.65,10.0,13.6,48.9,28.4,37.9,3.44,14.8,57.7,9.9,0.85,0.19
11,https://www.screener.in/company/GODREJIND/consolidated/,27444.0,816.0,904.0,395.0,31.2,244.0,0.0,7.81,11.2,1.0,7.08,106.0,34.3,33.7,14.0,9.74,60.6,2.59,0.9,3.07
12,https://www.screener.in/company/GSPL/consolidated/,17665.0,313.0,340.0,254.0,11.6,176.0,1.6,26.6,18.9,10.0,-18.1,23.0,19.4,56.4,14.0,7.84,51.3,8.06,0.92,0.01
13,https://www.screener.in/company/YESBANK/consolidated/,71731.0,25.0,26.2,14.1,85.7,13.8,0.0,4.94,1.99,2.0,23.5,77.0,14.4,2876.0,-4.48,4.95,64.7,0.08,0.95,7.42
14,https://www.screener.in/company/CENTURYTEX/consolidated/,15521.0,1389.0,1599.0,588.0,250.0,337.0,0.36,6.32,4.65,10.0,-2.13,136.0,7.33,11.2,11.9,13.1,53.0,-2.73,0.87,0.6
15,https://www.screener.in/company/FORTIS/consolidated/,31806.0,421.0,449.0,245.0,60.2,101.0,0.24,9.83,7.77,10.0,11.6,71.6,48.1,75.5,10.8,6.19,57.3,2.3,0.94,0.14
16,https://www.screener.in/company/RCF/consolidated/,9492.0,172.0,177.0,89.5,22.1,85.3,3.08,21.2,21.2,10.0,4.23,92.1,26.6,55.2,30.3,2.69,65.8,0.92,0.97,0.49
17,https://www.screener.in/company/GUJALKALI/consolidated/,5638.0,768.0,837.0,556.0,68.2,817.0,3.07,10.8,6.81,10.0,-7.31,38.0,21.7,7.34,18.4,8.32,49.1,-2.5,0.92,0.09
18,https://www.screener.in/company/ROUTE/consolidated/,9988.0,1594.0,1760.0,1131.0,27.4,320.0,0.69,22.0,18.7,10.0,43.9,41.0,39.3,6.26,55.1,9.42,44.6,14.2,0.91,0.09
19,https://www.screener.in/company/LICHSGFIN/consolidated/,31686.0,576.0,589.0,315.0,7.61,531.0,1.48,7.57,11.1,2.0,24.4,82.8,16.5,55.0,4.79,2.24,65.5,21.7,0.98,8.33
20,https://www.screener.in/company/BIRLACORPN/consolidated/,10605.0,1377.0,1520.0,843.0,76.0,817.0,0.18,3.73,0.75,10.0,11.6,63.3,37.0,7.7,7.88,9.41,41.6,7.58,0.91,0.65
21,https://www.screener.in/company/AVANTIFEED/consolidated/,7404.0,544.0,599.0,321.0,21.7,161.0,1.15,18.3,13.4,1.0,-5.0,69.5,21.7,13.6,7.32,9.08,72.8,5.45,0.91,0.0
22,https://www.screener.in/company/WELCORP/consolidated/,15692.0,599.0,608.0,178.0,19.4,193.0,0.83,6.42,3.21,5.0,117.0,237.0,21.9,26.2,-0.67,1.41,67.6,14.7,0.99,0.39
23,https://www.screener.in/company/MOTHERSON/consolidated/,73151.0,108.0,111.0,61.8,48.2,33.3,0.6,8.76,7.16,1.0,28.0,74.5,33.2,678.0,9.03,3.1,62.9,0.3,0.97,0.97
24,https://www.screener.in/company/STLTECH/consolidated/,5763.0,144.0,193.0,128.0,25.8,53.5,0.69,11.0,6.32,2.0,13.7,12.4,24.0,39.9,10.3,25.1,46.0,0.85,0.75,1.73
25,https://www.screener.in/company/DELTACORP/consolidated/,3885.0,145.0,260.0,123.0,17.4,87.7,0.86,16.3,12.4,1.0,-0.95,18.4,17.4,26.8,9.69,44.2,46.0,1.29,0.56,0.03
26,https://www.screener.in/company/DALBHARAT/consolidated/,40963.0,2181.0,2431.0,1672.0,35.6,854.0,0.41,8.48,6.97,2.0,13.3,30.5,31.4,18.8,11.9,10.2,38.6,6.29,0.9,0.34
27,https://www.screener.in/company/AWL/consolidated/,46360.0,357.0,574.0,286.0,253.0,61.3,0.0,15.0,7.41,1.0,-6.3,24.8,25.2,130.0,25.2,37.8,45.3,-1.01,0.62,0.48
29,https://www.screener.in/company/TV18BRDCST/consolidated/,11027.0,64.2,68.6,27.4,484.0,100.0,0.0,2.75,2.46,2.0,34.2,135.0,61.8,171.0,4.54,6.34,67.1,-0.07,0.94,0.11
30,https://www.screener.in/company/FLUOROCHEM/consolidated/,38627.0,3516.0,3920.0,2534.0,42.2,524.0,0.11,29.6,27.0,1.0,3.54,38.7,34.3,11.0,29.7,10.3,55.3,4.8,0.9,0.29
31,https://www.screener.in/company/APTUS/consolidated/,18106.0,363.0,365.0,234.0,32.8,71.0,1.1,14.6,16.1,2.0,29.6,55.1,16.5,49.9,29.8,0.55,72.5,2.97,0.99,1.22
32,https://www.screener.in/company/GPPL/consolidated/,7757.0,160.0,170.0,88.2,21.7,47.7,3.8,19.6,15.0,10.0,15.8,81.8,31.5,48.3,7.63,5.79,57.8,1.91,0.94,0.04
33,https://www.screener.in/company/SWSOLAR/consolidated/,10652.0,457.0,478.0,253.0,,-17.0,0.0,-65.4,-338.0,1.0,-35.1,80.8,60.9,23.3,-28.8,4.33,62.8,-2.73,0.96,0.0
34,https://www.screener.in/company/GLAXO/consolidated/,39425.0,2330.0,2375.0,1227.0,62.0,90.9,1.37,36.4,26.8,10.0,0.64,89.9,43.9,16.9,0.28,1.9,84.8,12.8,0.98,0.01
35,https://www.screener.in/company/CENTURYPLY/consolidated/,17749.0,800.0,850.0,436.0,46.6,93.3,0.12,27.0,22.8,1.0,5.17,83.5,27.3,22.2,16.3,5.81,63.3,4.36,0.94,0.23
36,https://www.screener.in/company/SOBHA/consolidated/,13996.0,1475.0,1557.0,412.0,130.0,263.0,0.2,8.32,4.24,10.0,45.2,258.0,32.9,9.48,-4.11,5.25,78.5,1.58,0.95,0.81
37,https://www.screener.in/company/NIACL/consolidated/,36405.0,221.0,262.0,94.2,38.6,165.0,0.87,4.87,4.07,5.0,8.0,135.0,42.3,165.0,13.1,15.5,54.6,-1.07,0.84,0.0
38,https://www.screener.in/company/PFC/consolidated/,129578.0,393.0,429.0,106.0,7.22,283.0,2.7,9.08,20.4,10.0,9.47,269.0,18.0,330.0,7.64,8.41,53.0,14.6,0.92,8.73
39,https://www.screener.in/company/INFIBEAM/consolidated/,7354.0,26.4,28.2,12.8,52.6,12.0,0.19,5.53,4.09,1.0,56.5,106.0,39.3,278.0,45.8,6.21,70.2,0.15,0.94,0.0
41,https://www.screener.in/company/LICI/consolidated/,570394.0,901.0,919.0,530.0,15.0,98.1,0.33,143.0,125.0,10.0,2.47,70.0,42.3,632.0,7.7,1.98,72.5,12.7,0.98,0.0
42,https://www.screener.in/company/ANGELONE/consolidated/,27631.0,3295.0,3900.0,999.0,26.2,311.0,1.21,44.0,47.1,10.0,30.9,230.0,20.6,8.4,59.0,15.5,43.8,31.0,0.84,0.6
43,https://www.screener.in/company/CESC/consolidated/,18737.0,141.0,144.0,62.1,13.0,86.8,3.18,11.4,12.2,1.0,7.52,128.0,22.0,133.0,5.42,1.46,69.2,2.63,0.99,1.22
44,https://www.screener.in/company/GAIL/consolidated/,107503.0,164.0,169.0,91.0,20.4,111.0,2.45,9.76,8.69,10.0,3.75,79.7,19.4,658.0,26.2,3.42,63.4,3.72,0.97,0.25
45,https://www.screener.in/company/ZEEL/consolidated/,23850.0,248.0,300.0,170.0,97.3,112.0,0.0,7.94,0.35,1.0,4.1,45.9,61.8,96.0,-0.17,17.2,41.2,1.28,0.83,0.02
46,https://www.screener.in/company/JINDALSAW/consolidated/,16178.0,506.0,539.0,108.0,11.5,282.0,0.59,11.0,6.09,2.0,24.4,369.0,16.5,32.0,15.4,6.12,66.9,16.6,0.94,0.68
47,https://www.screener.in/company/CLEAN/consolidated/,15790.0,1487.0,1622.0,1227.0,57.3,103.0,0.34,44.5,33.2,1.0,-5.02,21.2,34.3,10.6,30.7,8.35,47.1,4.91,0.92,0.0
48,https://www.screener.in/company/RECLTD/consolidated/,111715.0,424.0,455.0,110.0,8.77,241.0,2.97,9.14,20.4,10.0,9.4,284.0,18.0,263.0,9.66,6.71,54.6,14.4,0.93,6.6
49,https://www.screener.in/company/HUDCO/consolidated/,27566.0,138.0,140.0,40.4,15.4,78.5,2.8,8.81,11.4,10.0,5.13,241.0,16.5,200.0,-2.19,1.92,75.0,2.26,0.98,4.02
50,https://www.screener.in/company/NATIONALUM/consolidated/,24115.0,131.0,144.0,75.6,19.0,73.3,3.43,14.4,11.2,5.0,-14.4,73.5,32.6,184.0,18.9,8.89,59.3,1.02,0.91,0.01
51,https://www.screener.in/company/KEC/consolidated/,16014.0,622.0,748.0,436.0,85.2,150.0,0.48,11.8,4.74,2.0,24.3,42.7,57.6,25.7,13.0,16.9,57.6,2.17,0.83,1.28
52,https://www.screener.in/company/RAJESHEXPO/consolidated/,10492.0,355.0,1030.0,334.0,9.19,516.0,0.28,10.9,10.5,1.0,18.8,6.39,37.1,29.5,20.2,65.5,39.3,1.53,0.35,0.04
53,https://www.screener.in/company/RBA/consolidated/,6048.0,122.0,138.0,83.7,,14.8,0.0,-6.87,-23.7,10.0,23.1,45.7,113.0,49.6,0.0,11.5,58.6,-0.93,0.88,1.63
54,https://www.screener.in/company/AJANTPHARM/consolidated/,27851.0,2214.0,2355.0,1132.0,42.2,277.0,0.45,22.6,17.9,2.0,8.5,95.6,31.3,12.6,13.1,5.99,58.8,15.5,0.94,0.01
55,https://www.screener.in/company/OFSS/consolidated/,56694.0,6546.0,6623.0,2987.0,26.5,750.0,3.44,35.1,24.8,5.0,12.6,119.0,39.3,8.66,5.44,1.17,87.0,85.5,0.99,0.01
56,https://www.screener.in/company/KAYNES/consolidated/,17068.0,2672.0,3000.0,741.0,141.0,175.0,0.0,21.5,16.4,10.0,59.5,261.0,76.8,6.39,45.2,10.9,54.6,5.56,0.89,0.27
57,https://www.screener.in/company/ASHOKLEY/consolidated/,50971.0,174.0,192.0,133.0,24.0,30.2,1.5,11.4,15.0,1.0,29.0,30.4,24.0,294.0,24.4,9.37,44.6,1.79,0.91,3.87
58,https://www.screener.in/company/IRCON/consolidated/,19187.0,204.0,213.0,50.1,21.7,58.9,1.47,15.7,15.4,2.0,32.1,307.0,16.6,94.0,24.4,4.18,70.2,2.67,0.96,0.3
59,https://www.screener.in/company/BIOCON/consolidated/,33641.0,280.0,295.0,192.0,41.7,158.0,0.54,5.92,4.78,5.0,50.4,46.3,35.8,120.0,21.0,4.87,60.6,1.05,0.95,0.96
60,https://www.screener.in/company/POLYPLEX/consolidated/,3304.0,1052.0,1663.0,991.0,46.5,1105.0,2.19,11.6,10.2,10.0,-14.1,6.16,24.8,3.14,19.5,36.7,42.8,8.9,0.63,0.18
61,https://www.screener.in/company/SHYAMMETL/consolidated/,18339.0,657.0,693.0,253.0,18.2,320.0,0.27,15.0,13.0,10.0,7.09,160.0,16.5,27.9,42.3,5.19,63.3,19.0,0.95,0.24
64,https://www.screener.in/company/BHEL/consolidated/,74033.0,212.0,213.0,66.3,1039.0,74.9,0.19,3.33,1.7,2.0,2.37,220.0,42.1,348.0,2.87,0.49,74.8,-0.68,1.0,0.35
65,https://www.screener.in/company/LODHA/consolidated/,108595.0,1127.0,1228.0,356.0,71.0,135.0,0.09,8.76,10.1,10.0,-15.6,217.0,27.8,96.4,-8.7,8.18,61.9,2.09,0.92,0.67
66,https://www.screener.in/company/VIPIND/consolidated/,7889.0,556.0,731.0,546.0,58.2,50.4,0.81,27.8,29.0,2.0,16.2,1.91,57.0,14.2,6.7,24.0,32.6,0.94,0.76,0.74
67,https://www.screener.in/company/NHPC/consolidated/,71362.0,71.1,75.3,37.8,18.3,38.9,2.6,8.49,10.8,10.0,3.18,88.3,22.0,1004.0,1.96,5.58,63.2,1.54,0.94,0.77
68,https://www.screener.in/company/ZFCVINDIA/consolidated/,32239.0,16958.0,17099.0,8755.0,82.2,1366.0,0.08,18.9,13.9,5.0,26.0,93.7,33.2,1.9,0.0,0.82,66.5,55.7,0.99,0.02
69,https://www.screener.in/company/KALYANKJIL/consolidated/,37303.0,362.0,395.0,101.0,71.9,37.4,0.14,12.7,13.5,10.0,22.6,259.0,37.1,103.0,11.7,8.46,53.4,1.31,0.92,0.65
70,https://www.screener.in/company/SJVN/consolidated/,39530.0,101.0,105.0,30.4,38.1,36.5,1.76,9.27,10.3,10.0,-5.3,231.0,22.0,393.0,2.82,4.05,63.7,1.12,0.96,1.19
71,https://www.screener.in/company/AAVAS/consolidated/,11882.0,1501.0,2046.0,1335.0,25.5,444.0,0.0,9.5,14.1,10.0,25.4,12.4,16.5,7.91,21.2,26.6,42.0,15.4,0.73,3.19
72,https://www.screener.in/company/RAINBOW/consolidated/,13056.0,1285.0,1330.0,682.0,60.6,112.0,0.23,24.1,25.5,10.0,22.9,88.4,48.1,10.2,17.7,3.36,63.5,6.2,0.97,0.55
73,https://www.screener.in/company/ADANIENT/consolidated/,332789.0,2919.0,3538.0,1017.0,128.0,322.0,0.04,9.49,9.63,1.0,-13.6,187.0,51.4,114.0,46.7,17.5,50.8,2.0,0.83,1.56
74,https://www.screener.in/company/CAMPUS/consolidated/,8457.0,276.0,425.0,238.0,78.0,,0.0,31.8,29.3,5.0,67.9,16.3,57.2,30.5,26.2,34.9,41.3,0.94,0.65,0.68
75,https://www.screener.in/company/MHRIL/consolidated/,7840.0,387.0,470.0,245.0,119.0,20.9,0.0,10.2,35.9,10.0,12.4,58.0,39.6,20.2,2.0,17.6,47.1,1.06,0.82,6.17
76,https://www.screener.in/company/AMBUJACEM/consolidated/,104088.0,524.0,558.0,315.0,35.1,166.0,0.48,12.6,10.8,2.0,4.26,66.2,37.0,199.0,12.8,6.05,54.6,3.99,0.94,0.02
77,https://www.screener.in/company/ALLCARGO/consolidated/,7862.0,80.0,98.0,61.4,28.1,25.8,1.02,18.5,20.1,2.0,-34.7,30.3,41.9,98.3,34.9,18.4,51.4,0.22,0.82,0.68
78,https://www.screener.in/company/GPIL/consolidated/,9850.0,726.0,800.0,338.0,12.6,297.0,0.55,27.5,22.3,5.0,-10.3,115.0,21.9,13.6,20.7,9.27,45.9,18.9,0.91,0.02
79,https://www.screener.in/company/OLECTRA/consolidated/,13621.0,1659.0,1808.0,374.0,176.0,106.0,0.02,13.3,8.11,4.0,23.2,343.0,24.0,8.21,75.9,8.29,74.7,2.2,0.92,0.15
80,https://www.screener.in/company/RADICO/consolidated/,21522.0,1612.0,1885.0,1026.0,90.8,172.0,0.19,11.4,10.4,2.0,13.4,57.2,29.2,13.4,9.38,14.5,47.9,4.85,0.86,0.38
81,https://www.screener.in/company/PNB/consolidated/,108414.0,98.5,100.0,44.4,18.4,93.4,0.66,4.1,3.34,2.0,27.1,122.0,9.46,1101.0,16.5,1.6,67.3,1.81,0.98,13.2
82,https://www.screener.in/company/PAYTM/consolidated/,47930.0,754.0,998.0,503.0,,206.0,0.0,-12.5,-13.1,1.0,40.5,50.1,44.7,63.5,34.6,24.4,64.9,-4.58,0.76,0.02
83,https://www.screener.in/company/PCBL/consolidated/,11739.0,311.0,318.0,108.0,24.4,82.6,1.77,16.9,15.7,1.0,4.37,188.0,34.3,37.8,21.2,2.19,80.5,3.92,0.98,0.38
84,https://www.screener.in/company/ADANIPORTS/consolidated/,249024.0,1154.0,1230.0,395.0,31.5,225.0,0.43,9.53,14.4,2.0,27.0,192.0,31.5,216.0,20.6,6.17,62.7,8.09,0.94,1.03
85,https://www.screener.in/company/JMFINANCIL/consolidated/,9861.0,103.0,111.0,57.4,16.9,88.1,1.75,8.3,7.55,1.0,18.3,79.8,22.1,95.6,-1.51,6.86,60.2,2.04,0.93,2.02
86,https://www.screener.in/company/MOTILALOFS/consolidated/,22606.0,1524.0,1602.0,551.0,15.6,504.0,0.66,12.9,15.6,1.0,26.2,177.0,20.6,14.8,21.0,4.9,71.7,35.8,0.95,1.61
87,https://www.screener.in/company/ANURAS/consolidated/,10308.0,941.0,1250.0,570.0,57.6,227.0,0.27,12.6,8.82,10.0,24.3,65.0,34.3,11.0,44.7,24.7,34.3,3.78,0.75,0.46
88,https://www.screener.in/company/BLS/consolidated/,16031.0,390.0,413.0,150.0,60.0,23.1,0.19,31.6,29.5,1.0,51.1,160.0,39.3,41.2,24.5,5.67,78.1,1.91,0.94,0.02
89,https://www.screener.in/company/NAM-INDIA/consolidated/,32099.0,511.0,522.0,197.0,36.3,57.1,2.25,26.6,20.7,10.0,9.79,159.0,22.1,62.8,8.23,2.09,64.2,3.91,0.98,0.0
90,https://www.screener.in/company/COALINDIA/consolidated/,231351.0,376.0,396.0,208.0,8.27,113.0,6.46,70.5,56.0,10.0,12.7,81.0,17.8,616.0,12.9,5.1,53.4,11.0,0.95,0.09
91,https://www.screener.in/company/CHAMBLFERT/consolidated/,15932.0,383.0,403.0,248.0,14.0,185.0,1.96,16.0,14.9,10.0,-4.43,54.0,26.6,41.6,31.5,5.04,60.7,9.15,0.95,0.3
92,https://www.screener.in/company/TECHM/consolidated/,132292.0,1355.0,1402.0,981.0,36.9,271.0,2.36,22.1,17.6,5.0,8.24,38.1,30.0,97.6,13.1,3.31,68.6,5.06,0.97,0.1
93,https://www.screener.in/company/OIL/consolidated/,42877.0,395.0,407.0,210.0,6.21,370.0,5.06,25.4,25.2,10.0,-10.8,88.1,8.64,108.0,24.7,2.79,64.9,3.88,0.97,0.56
94,https://www.screener.in/company/FACT/consolidated/,52429.0,810.0,861.0,192.0,91.7,21.8,0.12,30.3,62.5,10.0,-4.27,322.0,26.6,64.7,30.8,5.89,56.5,1.63,0.94,1.29
96,https://www.screener.in/company/TATAMOTORS/consolidated/,299919.0,819.0,827.0,400.0,18.7,161.0,0.24,5.95,5.62,2.0,33.0,105.0,24.0,332.0,9.84,0.96,70.6,11.3,0.99,2.38
97,https://www.screener.in/company/SUMICHEM/consolidated/,19981.0,400.0,487.0,371.0,54.3,50.6,0.3,29.1,22.5,10.0,-12.8,7.82,34.0,49.9,13.1,17.8,43.6,2.87,0.82,0.01
98,https://www.screener.in/company/ACC/consolidated/,42421.0,2260.0,2418.0,1592.0,32.4,789.0,0.41,10.0,7.06,10.0,10.8,41.9,37.0,18.8,12.4,6.53,54.7,20.6,0.93,0.03
99,https://www.screener.in/company/VTL/consolidated/,11617.0,401.0,434.0,270.0,21.8,306.0,0.87,11.5,9.74,2.0,-9.63,48.7,20.5,28.9,14.6,7.44,55.9,4.64,0.93,0.17
100,https://www.screener.in/company/TIINDIA/consolidated/,74258.0,3850.0,4069.0,2375.0,81.2,229.0,0.09,31.6,27.0,1.0,8.91,62.1,33.2,19.3,46.6,5.4,59.0,13.6,0.95,0.19
101,https://www.screener.in/company/PETRONET/consolidated/,35999.0,240.0,254.0,192.0,10.3,110.0,2.91,26.6,23.0,10.0,-0.31,25.3,19.4,150.0,19.1,5.58,69.1,5.7,0.94,0.19
102,https://www.screener.in/company/TATAMTRDVR/consolidated/,27732.0,545.0,550.0,202.0,,1086.0,0.39,0.0,-3.68,2.0,-4.32,170.0,24.0,50.8,0.0,1.08,71.0,57.2,0.99,2.19
105,https://www.screener.in/company/EMAMILTD/consolidated/,22406.0,509.0,589.0,341.0,32.5,54.6,1.57,28.0,28.3,1.0,5.43,49.4,54.1,44.0,8.66,13.6,42.0,4.05,0.86,0.04
106,https://www.screener.in/company/GRANULES/consolidated/,10222.0,422.0,435.0,268.0,26.0,122.0,0.36,19.4,19.1,1.0,7.62,57.6,35.8,24.2,20.2,3.08,60.1,4.21,0.97,0.47
107,https://www.screener.in/company/CONCORDBIO/consolidated/,14304.0,1367.0,1608.0,900.0,60.2,129.0,0.0,26.4,19.8,1.0,19.7,51.8,35.8,10.5,18.5,15.0,41.4,7.74,0.85,0.02
108,https://www.screener.in/company/RALLIS/consolidated/,4917.0,253.0,272.0,186.0,31.1,87.2,0.0,12.8,9.61,1.0,7.18,35.6,34.0,19.4,9.49,7.06,49.6,-0.73,0.93,0.05
109,https://www.screener.in/company/SYNGENE/consolidated/,28024.0,697.0,860.0,545.0,55.6,96.8,0.07,14.5,13.4,10.0,24.4,27.8,35.8,40.2,16.6,19.0,41.4,2.9,0.81,0.21
110,https://www.screener.in/company/GICRE/consolidated/,53623.0,306.0,338.0,128.0,8.09,272.0,2.36,19.8,17.0,5.0,-2.87,139.0,42.3,175.0,-2.52,9.52,50.1,9.63,0.9,0.0
111,https://www.screener.in/company/ZYDUSLIFE/consolidated/,71786.0,709.0,724.0,421.0,23.0,185.0,0.85,15.0,13.7,1.0,20.0,68.3,35.8,101.0,6.54,2.15,62.0,7.91,0.98,0.01
112,https://www.screener.in/company/NETWORK18/consolidated/,13235.0,126.0,135.0,45.0,,125.0,0.0,2.2,-2.21,5.0,31.5,181.0,23.5,105.0,5.12,6.55,70.4,-0.55,0.93,0.28
113,https://www.screener.in/company/AARTIDRUGS/consolidated/,4912.0,530.0,646.0,311.0,27.3,131.0,0.19,15.5,14.9,10.0,2.66,70.7,39.6,9.26,14.6,17.9,64.2,4.28,0.82,0.49
114,https://www.screener.in/company/UNIONBANK/consolidated/,98511.0,133.0,140.0,60.3,8.27,115.0,2.26,5.02,11.4,10.0,26.8,120.0,9.46,741.0,29.4,5.17,67.7,4.82,0.95,14.8
115,https://www.screener.in/company/ALOKINDS/consolidated/,15398.0,31.0,39.2,10.1,,-38.9,0.0,-6.86,0.0,1.0,-24.4,208.0,18.9,497.0,28.1,20.9,57.8,-0.46,0.79,0.0
116,https://www.screener.in/company/ATGL/consolidated/,108171.0,983.0,4000.0,522.0,189.0,29.4,0.03,20.7,20.4,1.0,7.87,88.4,19.4,110.0,32.7,75.4,47.7,1.57,0.25,0.42
117,https://www.screener.in/company/IIFL/consolidated/,24323.0,639.0,704.0,408.0,13.5,260.0,0.63,11.5,19.4,2.0,20.8,56.6,22.1,38.1,20.2,9.29,52.8,12.9,0.91,4.11
118,https://www.screener.in/company/GODREJCP/consolidated/,112969.0,1104.0,1230.0,892.0,61.5,142.0,0.45,16.5,13.5,1.0,8.75,23.8,54.1,102.0,10.4,10.2,47.6,4.23,0.9,0.23
119,https://www.screener.in/company/ARE&M/consolidated/,13871.0,811.0,843.0,546.0,17.1,331.0,0.75,20.2,14.8,1.0,9.67,48.6,33.2,17.1,15.0,3.76,57.7,13.2,0.96,0.02
120,https://www.screener.in/company/KPIL/consolidated/,11695.0,720.0,762.0,480.0,29.0,298.0,0.97,14.1,8.57,2.0,13.8,49.9,57.6,16.2,8.88,5.5,53.9,5.48,0.94,0.82
122,https://www.screener.in/company/EXIDEIND/consolidated/,27132.0,319.0,342.0,170.0,31.2,147.0,0.63,10.2,7.28,1.0,7.72,87.2,33.2,85.0,1.38,6.79,54.3,3.17,0.93,0.06
123,https://www.screener.in/company/NMDC/consolidated/,59696.0,204.0,227.0,104.0,11.9,83.6,3.24,30.2,23.0,1.0,-8.55,96.2,17.8,293.0,14.7,10.4,49.7,3.5,0.9,0.09
126,https://www.screener.in/company/MAHABANK/consolidated/,36788.0,52.0,52.6,22.8,9.99,23.5,2.5,4.44,17.4,10.0,31.7,128.0,9.46,708.0,11.4,1.33,72.5,1.47,0.99,15.5
127,https://www.screener.in/company/AFFLE/consolidated/,17609.0,1256.0,1337.0,866.0,66.6,120.0,0.0,20.2,18.5,2.0,15.7,44.9,39.3,14.0,62.6,6.07,51.4,5.01,0.94,0.14
128,https://www.screener.in/company/RBLBANK/consolidated/,16295.0,270.0,301.0,132.0,13.9,226.0,0.56,5.5,7.06,10.0,24.4,105.0,14.4,60.4,2.85,10.3,44.6,5.51,0.9,7.26
129,https://www.screener.in/company/SUPRAJIT/consolidated/,5421.0,392.0,447.0,315.0,36.9,91.9,0.59,15.3,13.2,1.0,18.5,24.2,33.2,13.8,20.8,12.4,49.4,2.51,0.88,0.57
130,https://www.screener.in/company/BAJAJHLDNG/consolidated/,89170.0,7999.0,8374.0,5557.0,16.1,4391.0,1.54,9.71,11.2,10.0,10.8,44.0,22.1,11.1,6.21,4.47,52.6,134.0,0.96,0.0
131,https://www.screener.in/company/DEEPAKFERT/consolidated/,8178.0,648.0,715.0,512.0,12.1,411.0,1.54,25.8,27.0,10.0,5.85,26.4,34.3,12.6,34.1,9.4,44.5,4.76,0.91,0.79
133,https://www.screener.in/company/TANLA/consolidated/,15523.0,1154.0,1318.0,493.0,30.2,130.0,0.87,37.9,31.2,1.0,6.89,134.0,39.3,13.4,20.0,12.4,59.4,10.6,0.88,0.05
134,https://www.screener.in/company/HCLTECH/consolidated/,425340.0,1568.0,1620.0,1016.0,27.1,242.0,3.32,28.3,23.0,2.0,10.8,54.2,30.0,271.0,12.8,3.21,67.1,16.0,0.97,0.08
136,https://www.screener.in/company/BHARATFORG/consolidated/,56960.0,1223.0,1299.0,744.0,87.0,151.0,0.57,7.7,6.88,2.0,23.0,64.5,28.4,46.6,17.0,5.86,50.3,4.88,0.94,1.07
137,https://www.screener.in/company/IOB/consolidated/,83568.0,44.2,51.1,20.8,35.7,13.2,0.0,4.54,8.86,10.0,22.4,112.0,9.46,1890.0,0.0,13.5,56.0,0.33,0.86,11.3
138,https://www.screener.in/company/NATCOPHARM/consolidated/,14820.0,828.0,928.0,502.0,13.1,296.0,1.0,17.7,15.3,2.0,44.0,64.9,35.8,17.9,12.2,10.9,53.8,20.6,0.89,0.05
139,https://www.screener.in/company/EIDPARRY/consolidated/,10026.0,565.0,592.0,433.0,10.1,375.0,1.68,27.4,16.2,1.0,7.15,30.4,11.8,17.8,27.2,4.51,50.7,25.5,0.95,0.13
141,https://www.screener.in/company/HAPPSTMNDS/consolidated/,13459.0,884.0,1023.0,763.0,57.7,91.6,0.61,29.6,31.3,2.0,17.3,15.8,39.3,15.2,27.0,13.6,45.0,3.92,0.86,0.38
142,https://www.screener.in/company/HAL/consolidated/,198452.0,2968.0,3079.0,1150.0,32.9,376.0,0.93,30.6,27.2,5.0,5.68,158.0,74.3,66.9,7.88,3.62,65.7,18.5,0.96,0.0
143,https://www.screener.in/company/INDIACEM/consolidated/,7707.0,249.0,277.0,167.0,,182.0,0.0,-3.7,-5.46,10.0,0.89,48.9,31.4,31.0,2.64,10.2,42.6,-2.58,0.9,0.5
144,https://www.screener.in/company/APLLTD/consolidated/,18497.0,940.0,965.0,462.0,34.8,227.0,0.85,7.4,7.2,2.0,10.5,103.0,35.8,19.7,7.07,2.55,80.6,6.95,0.97,0.19
146,https://www.screener.in/company/BALRAMCHIN/consolidated/,7759.0,385.0,486.0,349.0,14.4,156.0,0.78,10.4,10.0,1.0,15.3,10.2,11.8,20.2,-0.53,20.8,37.7,8.24,0.79,0.17
147,https://www.screener.in/company/CROMPTON/consolidated/,19820.0,309.0,341.0,251.0,45.9,42.6,0.97,16.0,18.1,2.0,6.83,23.3,60.2,64.0,15.0,9.27,49.2,1.52,0.91,0.37
148,https://www.screener.in/company/INDUSTOWER/consolidated/,58252.0,216.0,230.0,135.0,16.2,87.9,0.0,11.3,9.71,10.0,-4.09,59.8,38.4,269.0,61.5,6.09,60.8,4.8,0.94,0.87
149,https://www.screener.in/company/TRIDENT/consolidated/,23330.0,45.8,52.9,25.0,51.1,8.14,0.79,11.9,11.0,1.0,-6.62,82.6,34.8,510.0,10.2,13.5,63.3,0.18,0.86,0.4
150,https://www.screener.in/company/BANKBARODA/consolidated/,117752.0,228.0,240.0,146.0,6.4,203.0,2.42,5.17,15.1,2.0,36.0,55.4,9.46,517.0,6.07,5.16,54.0,8.5,0.95,12.8
151,https://www.screener.in/company/UPL/consolidated/,40841.0,544.0,780.0,528.0,23.9,385.0,1.84,14.3,13.4,2.0,-2.19,3.04,34.0,75.1,14.4,30.2,31.4,-2.52,0.7,1.21
152,https://www.screener.in/company/BALAMINES/consolidated/,7753.0,2396.0,2736.0,1873.0,39.3,496.0,0.42,36.5,23.2,2.0,-28.1,27.9,34.3,3.24,35.9,12.4,45.1,10.7,0.88,0.03
153,https://www.screener.in/company/IGL/consolidated/,30685.0,438.0,516.0,376.0,17.0,129.0,2.97,26.6,20.5,2.0,25.5,16.6,19.4,70.0,29.7,15.1,66.1,7.9,0.85,0.01
154,https://www.screener.in/company/ITC/consolidated/,580553.0,466.0,500.0,329.0,28.8,55.4,2.74,39.0,29.1,1.0,1.47,41.5,18.0,1248.0,12.8,6.84,53.6,3.93,0.93,0.0
155,https://www.screener.in/company/POLICYBZR/consolidated/,38932.0,863.0,899.0,391.0,,125.0,0.0,-8.27,-8.95,2.0,48.8,121.0,39.3,45.1,49.1,4.0,64.3,-0.45,0.96,0.05
156,https://www.screener.in/company/HEG/consolidated/,6930.0,1795.0,1966.0,918.0,15.8,1127.0,2.37,14.7,13.0,10.0,-6.09,95.6,17.0,3.86,4.71,8.67,47.3,24.9,0.91,0.16
157,https://www.screener.in/company/CANBK/consolidated/,83169.0,458.0,471.0,269.0,5.98,430.0,2.62,5.33,14.8,10.0,32.4,70.5,9.46,181.0,20.0,2.79,59.4,20.9,0.97,15.8
158,https://www.screener.in/company/TTKPRESTIG/consolidated/,10711.0,773.0,833.0,652.0,48.3,141.0,0.78,18.1,13.8,1.0,-10.6,18.5,56.1,13.9,10.2,7.17,56.8,4.28,0.93,0.08
159,https://www.screener.in/company/EASEMYTRIP/consolidated/,8038.0,45.4,56.3,37.0,55.2,3.34,0.22,51.3,44.3,1.0,50.9,22.7,207.0,177.0,47.0,19.4,56.3,0.27,0.81,0.24
160,https://www.screener.in/company/WIPRO/consolidated/,252208.0,483.0,529.0,352.0,22.4,133.0,0.21,17.7,15.9,2.0,2.93,37.2,30.0,522.0,14.0,8.76,64.4,5.16,0.91,0.26
161,https://www.screener.in/company/ADANIENSOL/consolidated/,118834.0,1066.0,2800.0,630.0,90.4,107.0,0.0,10.2,11.6,10.0,16.1,69.1,22.0,112.0,5.2,62.0,47.7,2.47,0.38,3.03
162,https://www.screener.in/company/WELSPUNLIV/consolidated/,14485.0,149.0,170.0,62.0,27.5,43.2,0.07,6.01,4.77,1.0,0.0,140.0,34.8,97.2,6.29,12.4,47.1,2.02,0.88,0.58
163,https://www.screener.in/company/PNBHOUSING/consolidated/,22225.0,856.0,906.0,383.0,17.4,547.0,0.0,8.25,10.0,10.0,15.0,124.0,16.5,26.0,-8.36,5.44,67.0,14.8,0.95,3.77
165,https://www.screener.in/company/TORNTPOWER/consolidated/,47965.0,997.0,1072.0,431.0,22.0,247.0,1.3,18.3,19.6,10.0,29.2,131.0,22.0,48.1,23.5,6.98,59.4,10.9,0.93,0.9
166,https://www.screener.in/company/CGCL/consolidated/,19664.0,954.0,1049.0,566.0,85.1,179.0,0.05,8.98,7.46,2.0,61.9,68.6,22.1,20.6,26.9,9.06,69.0,3.16,0.91,2.39
167,https://www.screener.in/company/HDFCAMC/consolidated/,72613.0,3403.0,3560.0,1590.0,40.8,282.0,1.41,0.0,0.0,5.0,0.0,114.0,22.1,21.4,0.0,4.42,61.6,22.9,0.96,0.0
168,https://www.screener.in/company/MANYAVAR/consolidated/,27202.0,1120.0,1488.0,1058.0,68.0,54.7,0.8,39.2,34.0,1.0,4.8,5.89,68.0,24.3,14.0,24.7,25.1,2.01,0.75,0.27
169,https://www.screener.in/company/BOSCHLTD/consolidated/,67340.0,22814.0,23569.0,16366.0,44.0,3927.0,2.1,17.4,13.2,10.0,17.5,39.4,33.2,2.95,14.9,3.2,58.9,339.0,0.97,0.0
170,https://www.screener.in/company/TATACHEM/consolidated/,27168.0,1066.0,1141.0,912.0,13.7,840.0,1.64,11.6,12.0,10.0,12.9,16.9,34.3,25.5,17.5,6.55,47.6,16.8,0.93,0.28
171,https://www.screener.in/company/VINATIORGA/consolidated/,17648.0,1718.0,2034.0,1689.0,43.2,225.0,0.41,30.4,22.6,1.0,-1.89,1.67,34.3,10.3,26.4,15.6,45.7,8.19,0.84,0.0
172,https://www.screener.in/company/SFL/consolidated/,12532.0,1153.0,1370.0,906.0,62.4,263.0,0.0,13.6,12.5,5.0,-9.62,27.4,38.7,10.9,10.6,15.8,37.2,4.05,0.84,0.2
173,https://www.screener.in/company/CERA/consolidated/,10317.0,7934.0,9782.0,5229.0,43.5,938.0,0.63,25.5,19.4,5.0,13.6,51.7,51.4,1.3,13.8,18.9,44.4,43.8,0.81,0.04
174,https://www.screener.in/company/JYOTHYLAB/consolidated/,18978.0,519.0,533.0,180.0,58.1,44.6,0.58,18.1,14.7,1.0,13.1,188.0,54.1,36.7,13.3,2.68,67.3,2.84,0.97,0.03
175,https://www.screener.in/company/KNRCON/consolidated/,7243.0,257.0,306.0,226.0,14.7,109.0,0.1,20.8,15.5,2.0,6.18,13.8,27.8,28.1,18.3,15.7,42.1,5.24,0.84,0.25
176,https://www.screener.in/company/ABFRL/consolidated/,21175.0,223.0,266.0,184.0,,31.0,0.0,5.03,-2.2,10.0,14.9,21.0,301.0,94.9,12.2,16.0,43.8,-1.89,0.84,3.46
177,https://www.screener.in/company/COCHINSHIP/consolidated/,22774.0,866.0,897.0,205.0,58.7,179.0,0.98,8.03,5.89,5.0,-17.0,322.0,45.5,26.3,-11.6,3.46,75.6,6.9,0.97,0.13
178,https://www.screener.in/company/POONAWALLA/consolidated/,37687.0,490.0,505.0,274.0,38.6,102.0,0.41,7.18,7.69,2.0,58.8,79.0,22.1,76.9,-4.68,2.81,69.4,3.45,0.97,1.45
179,https://www.screener.in/company/GRINDWELL/consolidated/,25213.0,2275.0,2495.0,1718.0,66.8,167.0,0.64,27.6,20.7,5.0,11.6,32.4,57.6,11.1,17.2,8.83,51.6,9.2,0.91,0.04
181,https://www.screener.in/company/KAJARIACER/consolidated/,22178.0,1393.0,1524.0,1006.0,55.4,157.0,0.65,19.7,15.8,1.0,5.31,38.4,51.4,15.9,16.0,8.56,59.3,6.78,0.91,0.07
182,https://www.screener.in/company/BEML/consolidated/,13102.0,3144.0,3317.0,1128.0,65.3,569.0,0.32,10.5,6.3,10.0,-9.55,179.0,74.3,4.16,8.82,5.2,66.8,12.4,0.95,0.16
183,https://www.screener.in/company/RENUKA/consolidated/,9578.0,45.0,57.2,39.4,,-5.59,0.0,9.41,0.0,1.0,16.7,14.2,11.8,213.0,22.7,21.4,31.8,-0.96,0.79,0.0
184,https://www.screener.in/company/APOLLOHOSP/consolidated/,86203.0,5991.0,6029.0,4078.0,124.0,453.0,0.25,14.5,13.7,5.0,17.1,46.9,48.1,14.4,13.9,0.63,69.5,16.2,0.99,0.75
185,https://www.screener.in/company/VARROC/consolidated/,8033.0,526.0,589.0,239.0,48.3,67.7,0.0,8.13,-55.9,1.0,7.52,120.0,33.2,15.3,-14.9,10.6,40.0,3.55,0.89,1.39
186,https://www.screener.in/company/EIHOTEL/consolidated/,17924.0,286.0,294.0,150.0,39.2,56.0,0.39,15.6,11.4,2.0,54.6,90.0,39.6,62.5,8.14,2.99,69.2,1.49,0.97,0.06
187,https://www.screener.in/company/UTIAMC/consolidated/,10877.0,856.0,927.0,608.0,19.3,313.0,2.57,15.9,11.7,10.0,9.71,40.7,22.1,12.7,14.0,7.71,47.9,14.4,0.92,0.0
188,https://www.screener.in/company/RAYMOND/consolidated/,11928.0,1790.0,2240.0,1093.0,7.31,630.0,0.17,21.4,22.9,10.0,8.38,63.8,34.8,6.66,8.21,20.1,57.1,24.0,0.8,0.82
189,https://www.screener.in/company/ATUL/consolidated/,19486.0,6602.0,7779.0,6120.0,50.3,1661.0,0.38,15.3,11.5,10.0,-15.3,7.88,34.3,2.95,9.86,15.1,33.4,30.6,0.85,0.03
191,https://www.screener.in/company/IRB/consolidated/,28323.0,46.9,47.6,22.5,56.5,22.5,0.43,8.67,5.43,1.0,8.91,108.0,16.6,604.0,-2.24,1.57,69.1,0.16,0.98,1.33
192,https://www.screener.in/company/THERMAX/consolidated/,36595.0,3074.0,3268.0,1871.0,68.9,335.0,0.33,15.1,12.3,2.0,17.2,64.3,38.0,11.9,12.2,5.94,51.3,13.2,0.94,0.27
193,https://www.screener.in/company/OBEROIRLTY/consolidated/,55018.0,1513.0,1586.0,790.0,28.0,353.0,0.26,16.0,16.6,10.0,44.9,91.5,32.9,36.4,23.3,4.61,56.4,12.6,0.95,0.26
194,https://www.screener.in/company/LXCHEM/consolidated/,7515.0,273.0,321.0,220.0,74.8,54.9,0.18,11.5,9.18,2.0,-12.0,23.7,34.3,27.5,22.2,15.0,39.3,0.4,0.85,0.11
195,https://www.screener.in/company/ZOMATO/consolidated/,112851.0,129.0,142.0,44.4,,22.9,0.0,-5.79,-5.91,1.0,71.7,192.0,44.7,860.0,39.6,8.55,51.3,0.04,0.91,0.03
196,https://www.screener.in/company/NBCC/consolidated/,15678.0,87.2,94.4,31.0,37.9,11.1,0.62,27.0,20.8,1.0,7.64,182.0,38.7,180.0,2.68,7.6,56.1,0.44,0.92,0.0
197,https://www.screener.in/company/ITI/consolidated/,33329.0,347.0,384.0,86.5,,22.0,0.0,-3.57,-14.5,10.0,-12.6,301.0,56.0,96.1,-12.2,9.7,64.9,-1.31,0.9,0.92
198,https://www.screener.in/company/IOC/consolidated/,204052.0,144.0,146.0,75.8,5.28,118.0,3.46,8.09,7.17,10.0,1.89,90.8,6.75,1412.0,20.3,0.79,78.4,9.29,0.99,0.69
199,https://www.screener.in/company/LAURUSLABS/consolidated/,22372.0,415.0,445.0,279.0,60.9,74.8,0.48,22.8,21.4,2.0,-4.25,48.8,31.3,53.9,28.7,6.67,51.7,0.69,0.93,0.53
200,https://www.screener.in/company/MMTC/consolidated/,10155.0,67.7,89.2,26.3,75.2,9.64,0.0,23.0,49.2,1.0,-77.8,157.0,51.4,150.0,-48.8,24.1,65.9,0.35,0.76,0.02
201,https://www.screener.in/company/WESTLIFE/consolidated/,13210.0,847.0,1025.0,639.0,123.0,36.1,0.41,14.8,21.7,2.0,17.4,32.6,113.0,15.6,13.8,17.3,54.9,1.43,0.83,2.25
202,https://www.screener.in/company/SAIL/consolidated/,46696.0,113.0,127.0,77.6,14.0,136.0,1.33,5.89,3.57,10.0,1.85,45.7,16.5,413.0,19.2,10.9,51.4,3.16,0.89,0.55
203,https://www.screener.in/company/SOLARINDS/consolidated/,62547.0,6914.0,8499.0,3453.0,77.4,316.0,0.12,34.7,33.4,2.0,22.7,100.0,77.4,9.05,45.7,18.6,54.0,22.1,0.81,0.37
204,https://www.screener.in/company/SANOFI/consolidated/,19419.0,8420.0,8599.0,5202.0,,314.0,2.3,0.0,0.0,10.0,0.0,61.8,43.9,2.3,0.0,2.08,60.3,66.0,0.98,0.03
205,https://www.screener.in/company/NH/consolidated/,25618.0,1252.0,1314.0,706.0,34.7,122.0,0.2,31.6,33.1,10.0,20.0,77.5,48.1,20.4,13.1,4.7,59.0,11.1,0.95,0.43
206,https://www.screener.in/company/SUZLON/consolidated/,57777.0,42.9,45.7,6.95,156.0,2.53,0.0,20.8,0.0,2.0,-14.2,517.0,42.1,1347.0,26.2,6.13,59.7,0.08,0.94,0.04
207,https://www.screener.in/company/UCOBANK/consolidated/,49498.0,41.4,48.5,22.2,26.9,21.4,0.0,4.74,7.59,10.0,27.5,86.1,9.46,1196.0,0.0,14.6,56.4,0.34,0.85,10.5
208,https://www.screener.in/company/TRIVENI/consolidated/,7332.0,335.0,417.0,250.0,16.9,123.0,0.97,17.5,23.3,1.0,18.8,33.8,11.8,21.9,8.18,19.8,44.0,1.33,0.8,0.15
209,https://www.screener.in/company/KRBL/consolidated/,8444.0,369.0,471.0,320.0,12.6,201.0,0.27,20.9,16.0,1.0,16.1,15.5,39.0,22.9,6.03,21.6,50.4,6.7,0.78,0.02
210,https://www.screener.in/company/SCHAEFFLER/consolidated/,51229.0,3285.0,3726.0,2555.0,59.0,,0.73,0.0,0.0,2.0,0.0,28.6,30.0,15.6,0.0,11.8,59.6,14.9,0.88,0.0
211,https://www.screener.in/company/JUSTDIAL/consolidated/,7221.0,849.0,949.0,565.0,21.8,449.0,0.0,1.7,1.3,10.0,29.0,50.3,44.7,8.5,-3.94,10.6,60.1,10.8,0.89,0.02
212,https://www.screener.in/company/SUNTECK/consolidated/,6724.0,459.0,512.0,271.0,,188.0,0.33,2.56,0.05,1.0,-54.0,69.2,32.9,14.6,-13.5,10.3,50.6,-0.95,0.9,0.23
213,https://www.screener.in/company/SYMPHONY/consolidated/,6404.0,929.0,1219.0,825.0,55.4,98.8,0.54,14.8,13.5,2.0,-2.52,12.6,56.1,6.9,2.5,23.8,66.3,5.08,0.76,0.27
214,https://www.screener.in/company/VBL/consolidated/,159772.0,1230.0,1380.0,550.0,79.9,50.0,0.1,27.4,33.5,5.0,22.8,124.0,39.0,130.0,22.7,10.9,52.9,3.86,0.89,0.57
215,https://www.screener.in/company/INFY/consolidated/,681877.0,1643.0,1665.0,1185.0,28.0,193.0,2.07,40.5,31.8,5.0,8.18,38.6,30.0,415.0,17.4,1.34,65.4,14.7,0.99,0.11
217,https://www.screener.in/company/TEJASNET/consolidated/,14434.0,849.0,940.0,510.0,,177.0,0.0,-1.2,-1.62,10.0,99.9,66.4,56.0,17.0,33.0,9.72,48.2,-0.74,0.9,0.05
218,https://www.screener.in/company/CIPLA/consolidated/,106851.0,1323.0,1341.0,852.0,30.1,308.0,0.64,18.0,12.8,2.0,11.9,55.3,35.8,80.7,9.92,1.36,62.9,14.0,0.99,0.04
219,https://www.screener.in/company/CYIENT/consolidated/,24305.0,2200.0,2459.0,831.0,34.9,365.0,1.18,19.8,16.6,5.0,36.4,165.0,39.3,11.1,10.8,10.5,50.0,16.1,0.89,0.26
220,https://www.screener.in/company/DRREDDY/consolidated/,94322.0,5650.0,5990.0,4175.0,18.5,1529.0,0.71,26.7,21.6,5.0,19.6,35.3,35.8,16.7,12.1,5.67,45.0,88.9,0.94,0.05
221,https://www.screener.in/company/FIVESTAR/consolidated/,21936.0,750.0,877.0,494.0,140.0,,0.0,17.0,16.0,1.0,104.0,51.8,22.1,29.2,105.0,14.4,56.7,,0.86,0.7
222,https://www.screener.in/company/MAHLIFE/consolidated/,8902.0,574.0,599.0,316.0,,113.0,0.4,2.09,1.78,10.0,59.2,81.6,27.8,15.5,-0.24,4.22,64.1,-1.22,0.96,0.17
224,https://www.screener.in/company/AARTIIND/consolidated/,22178.0,612.0,662.0,438.0,49.7,139.0,0.41,10.4,11.6,5.0,-13.1,39.6,34.3,36.2,16.5,7.54,52.7,2.51,0.92,0.64
225,https://www.screener.in/company/MAZDOCK/consolidated/,46797.0,2320.0,2492.0,612.0,35.2,268.0,0.69,32.7,26.0,10.0,14.7,279.0,37.0,20.2,16.9,6.92,58.5,16.5,0.93,0.0
226,https://www.screener.in/company/RAIN/consolidated/,5010.0,149.0,184.0,140.0,17.0,253.0,0.67,17.1,19.8,2.0,-0.42,6.31,51.4,33.6,19.3,19.1,47.4,-2.68,0.81,1.1
227,https://www.screener.in/company/TCS/consolidated/,1428147.0,3903.0,3965.0,3070.0,31.3,275.0,1.23,58.7,46.9,1.0,10.1,27.1,30.0,366.0,12.8,1.57,64.5,30.2,0.98,0.08
228,https://www.screener.in/company/PRSMJOHNSN/consolidated/,9279.0,184.0,192.0,98.0,,28.0,0.0,0.86,-7.7,10.0,10.1,87.8,37.0,50.3,7.31,4.07,55.9,3.63,0.96,1.05
229,https://www.screener.in/company/PHOENIXLTD/consolidated/,44512.0,2488.0,2674.0,1186.0,50.2,494.0,0.2,9.94,11.4,2.0,44.4,110.0,32.9,17.9,10.6,6.96,58.2,14.1,0.93,0.51
230,https://www.screener.in/company/ROSSARI/consolidated/,4273.0,773.0,904.0,536.0,36.6,177.0,0.06,18.4,12.4,2.0,-2.18,44.2,34.3,5.52,40.3,14.4,40.2,5.97,0.86,0.13
231,https://www.screener.in/company/INDIANB/consolidated/,59745.0,444.0,463.0,252.0,8.67,398.0,1.94,4.55,11.8,10.0,25.2,75.9,9.46,135.0,28.1,4.2,60.8,16.6,0.96,13.0
232,https://www.screener.in/company/FEDERALBNK/consolidated/,35740.0,147.0,159.0,121.0,9.25,105.0,0.68,5.91,15.3,2.0,34.9,21.5,14.4,243.0,9.44,7.82,39.3,4.26,0.92,10.8
233,https://www.screener.in/company/TEAMLEASE/consolidated/,5303.0,3163.0,3326.0,2007.0,49.2,442.0,0.0,13.9,14.4,10.0,14.4,57.6,38.7,1.68,14.8,4.9,62.3,16.3,0.95,0.14
234,https://www.screener.in/company/JKCEMENT/consolidated/,30881.0,3994.0,4141.0,2540.0,68.9,631.0,0.38,10.4,9.48,10.0,20.8,57.2,37.0,7.73,18.8,3.55,59.3,23.0,0.96,1.1
235,https://www.screener.in/company/KFINTECH/consolidated/,9191.0,538.0,564.0,271.0,42.7,58.1,0.0,29.3,25.9,10.0,9.23,98.6,38.7,17.1,17.0,4.51,61.9,3.61,0.95,0.19
236,https://www.screener.in/company/BALKRISIND/consolidated/,49535.0,2562.0,2723.0,1909.0,47.3,425.0,0.62,13.8,13.8,2.0,-8.27,34.2,27.3,19.3,26.6,5.9,48.5,18.0,0.94,0.35
237,https://www.screener.in/company/BIKAJI/consolidated/,14449.0,578.0,592.0,333.0,84.7,41.9,0.13,17.3,14.3,1.0,12.3,73.5,39.0,25.0,22.3,2.4,59.9,2.45,0.98,0.2
238,https://www.screener.in/company/BEL/consolidated/,137533.0,188.0,190.0,87.0,41.4,20.3,0.96,29.9,22.8,1.0,6.01,116.0,57.2,731.0,11.0,1.08,67.8,1.08,0.99,0.0
240,https://www.screener.in/company/DCMSHRIRAM/consolidated/,15696.0,1004.0,1175.0,730.0,25.4,399.0,1.39,19.0,15.1,2.0,2.99,37.5,25.4,15.6,14.1,14.5,45.9,2.07,0.85,0.25
241,https://www.screener.in/company/UBL/consolidated/,48711.0,1844.0,1914.0,1342.0,171.0,152.0,0.41,11.4,8.27,1.0,1.76,37.4,29.2,26.4,4.84,3.65,63.8,4.06,0.96,0.0
242,https://www.screener.in/company/IDBI/consolidated/,74492.0,69.3,74.8,42.9,15.6,43.1,1.44,4.26,8.34,10.0,26.4,61.6,14.4,1075.0,-0.42,7.29,57.9,1.29,0.93,5.79
243,https://www.screener.in/company/AMBER/consolidated/,12891.0,3825.0,3969.0,1762.0,81.5,581.0,0.0,10.7,8.75,10.0,27.2,117.0,76.8,3.37,20.5,3.62,73.2,-2.06,0.96,0.79
244,https://www.screener.in/company/CARBORUNIV/consolidated/,21464.0,1130.0,1305.0,901.0,48.3,151.0,0.31,19.7,15.4,1.0,17.4,25.4,57.6,19.0,21.4,13.4,46.5,5.36,0.87,0.06
245,https://www.screener.in/company/INDIGO/consolidated/,117841.0,3053.0,3132.0,1810.0,21.0,-75.9,0.0,6.91,0.0,10.0,42.3,68.6,23.4,38.6,15.0,2.54,60.2,4.9,0.97,0.0
246,https://www.screener.in/company/RVNL/consolidated/,50728.0,244.0,251.0,56.0,34.3,37.9,0.87,17.8,20.8,10.0,0.86,335.0,27.8,208.0,11.8,3.1,88.9,1.89,0.97,0.76
247,https://www.screener.in/company/RELIANCE/consolidated/,1851261.0,2736.0,2793.0,2000.0,27.1,1110.0,0.33,9.14,8.94,10.0,3.42,36.8,6.75,677.0,13.7,2.04,68.6,25.7,0.98,0.42
248,https://www.screener.in/company/JSWENERGY/consolidated/,78714.0,479.0,485.0,205.0,49.4,121.0,0.42,7.28,7.22,10.0,13.8,134.0,22.0,164.0,7.69,1.37,66.2,5.17,0.99,1.4
249,https://www.screener.in/company/JAMNAAUTO/consolidated/,4364.0,110.0,127.0,94.2,23.0,21.0,1.73,27.5,22.9,1.0,10.9,16.4,33.2,39.9,27.2,13.8,46.6,1.26,0.86,0.08
251,https://www.screener.in/company/MAXHEALTH/consolidated/,68495.0,705.0,760.0,412.0,69.2,80.8,0.14,15.0,16.1,10.0,21.6,71.1,48.1,97.2,62.7,7.25,52.0,2.85,0.93,0.08
252,https://www.screener.in/company/HDFCLIFE/consolidated/,130760.0,608.0,711.0,458.0,85.8,65.9,0.31,9.56,9.57,10.0,41.1,32.8,42.3,215.0,33.7,14.5,29.0,1.71,0.86,0.07
253,https://www.screener.in/company/KSB/consolidated/,11362.0,3262.0,3599.0,1706.0,54.2,343.0,0.46,23.2,16.9,10.0,24.5,91.2,32.1,3.48,12.1,9.34,38.9,14.4,0.91,0.0
254,https://www.screener.in/company/BPCL/consolidated/,102649.0,473.0,482.0,314.0,3.54,327.0,4.44,6.86,6.34,10.0,4.19,50.7,6.75,217.0,18.5,1.93,64.9,38.0,0.98,0.79
255,https://www.screener.in/company/NCC/consolidated/,12350.0,197.0,206.0,83.6,20.3,100.0,1.12,18.7,9.99,2.0,36.2,135.0,27.8,62.8,20.4,4.38,70.1,1.23,0.96,0.23
256,https://www.screener.in/company/TITAN/consolidated/,331566.0,3735.0,3858.0,2269.0,100.0,140.0,0.27,25.1,30.8,1.0,27.3,64.6,37.1,88.8,24.4,3.2,58.1,10.3,0.97,1.15
257,https://www.screener.in/company/HFCL/consolidated/,12093.0,84.6,94.7,55.8,39.6,24.9,0.24,15.2,10.2,1.0,0.06,51.8,38.3,143.0,7.31,10.6,53.6,0.49,0.89,0.25
258,https://www.screener.in/company/GALAXYSURF/consolidated/,9600.0,2705.0,2989.0,2218.0,27.5,572.0,0.81,23.6,22.1,10.0,-8.99,22.0,34.3,3.55,19.6,9.5,43.1,21.8,0.9,0.12
259,https://www.screener.in/company/PEL/consolidated/,20134.0,896.0,1140.0,630.0,5.17,1278.0,3.46,2.21,5.72,2.0,-13.3,42.1,22.1,22.5,-11.8,21.4,39.2,2.14,0.79,1.73
260,https://www.screener.in/company/INDIGOPNTS/consolidated/,7064.0,1483.0,1700.0,981.0,53.5,172.0,0.24,0.0,0.0,10.0,0.0,51.2,53.4,4.76,0.0,12.8,49.4,5.32,0.87,0.02
261,https://www.screener.in/company/HINDPETRO/consolidated/,64494.0,455.0,462.0,212.0,3.87,318.0,0.0,-8.08,-18.9,10.0,1.99,115.0,6.75,142.0,17.9,1.6,71.1,41.1,0.98,1.29
262,https://www.screener.in/company/CENTRALBK/consolidated/,45862.0,52.8,56.0,22.2,21.0,33.7,0.0,4.29,5.92,10.0,20.8,137.0,9.46,868.0,2.72,5.71,60.9,0.72,0.94,12.6
263,https://www.screener.in/company/DABUR/consolidated/,95593.0,539.0,597.0,504.0,55.2,53.5,0.96,22.7,19.5,1.0,6.98,7.11,54.1,177.0,9.91,9.65,43.9,2.91,0.9,0.16
264,https://www.screener.in/company/LINDEINDIA/consolidated/,46125.0,5410.0,6886.0,3176.0,110.0,381.0,0.08,20.8,18.1,10.0,12.5,70.3,34.3,8.53,21.2,21.4,33.9,12.8,0.79,0.01
265,https://www.screener.in/company/NAVINFLUOR/consolidated/,16870.0,3402.0,4950.0,3357.0,46.2,457.0,0.21,20.4,18.2,2.0,38.6,1.37,34.3,4.96,25.1,31.3,25.5,12.2,0.69,0.56
266,https://www.screener.in/company/TATASTEEL/consolidated/,161095.0,131.0,142.0,102.0,2653.0,73.0,2.75,12.6,7.28,1.0,-7.18,29.0,16.5,1230.0,20.3,7.84,43.8,-5.07,0.92,1.01
267,https://www.screener.in/company/VOLTAS/consolidated/,34268.0,1036.0,1068.0,737.0,112.0,173.0,0.41,9.67,4.42,1.0,18.0,40.6,90.3,33.1,7.44,3.0,68.5,1.11,0.97,0.1
268,https://www.screener.in/company/RTNINDIA/consolidated/,11039.0,79.8,88.0,32.0,56.3,5.28,0.0,3.12,-7.39,2.0,162.0,149.0,38.7,138.0,0.0,9.38,50.3,1.02,0.91,1.74
270,https://www.screener.in/company/SUNPHARMA/consolidated/,320430.0,1336.0,1344.0,922.0,35.8,249.0,0.86,16.4,16.6,1.0,12.9,44.8,35.8,240.0,10.2,0.58,67.6,9.9,0.99,0.03
271,https://www.screener.in/company/SONACOMS/consolidated/,33776.0,577.0,670.0,401.0,71.6,41.6,0.49,22.0,18.3,10.0,28.8,43.8,33.2,58.6,37.1,13.9,39.3,2.12,0.86,0.16
272,https://www.screener.in/company/CEATLTD/consolidated/,10187.0,2521.0,2642.0,1357.0,19.4,926.0,0.48,9.38,6.14,10.0,8.14,85.8,27.3,4.05,18.6,4.56,63.7,51.4,0.95,0.55
273,https://www.screener.in/company/CONCOR/consolidated/,51400.0,844.0,933.0,555.0,43.4,190.0,1.3,13.7,10.6,5.0,4.14,52.0,41.9,60.9,7.75,9.56,45.6,6.03,0.9,0.07
274,https://www.screener.in/company/GRAPHITE/consolidated/,10582.0,542.0,576.0,252.0,120.0,285.0,1.57,7.2,4.66,2.0,-10.5,115.0,17.0,19.5,0.93,5.94,51.6,41.2,0.94,0.06
275,https://www.screener.in/company/DIVISLAB/consolidated/,98241.0,3700.0,4074.0,2730.0,73.8,478.0,0.81,19.4,14.9,2.0,-19.5,35.5,39.6,26.6,12.9,9.18,38.7,13.1,0.91,0.0
276,https://www.screener.in/company/PFIZER/consolidated/,19465.0,4250.0,4425.0,3407.0,127.0,302.0,0.82,27.2,19.8,10.0,0.35,24.8,43.9,4.57,0.0,3.94,47.9,,0.96,0.0
277,https://www.screener.in/company/NAZARA/consolidated/,6042.0,913.0,990.0,482.0,106.0,178.0,0.0,7.17,3.56,4.0,36.3,89.5,39.3,6.62,64.0,7.71,59.0,3.0,0.92,0.09
278,https://www.screener.in/company/AIAENG/consolidated/,34422.0,3648.0,3847.0,2384.0,28.3,650.0,0.44,25.1,20.0,2.0,15.8,53.1,28.4,9.43,18.2,5.17,49.6,34.2,0.95,0.08
279,https://www.screener.in/company/SKFINDIA/consolidated/,22779.0,4610.0,5535.0,3960.0,47.1,483.0,0.87,34.5,24.8,10.0,7.43,16.4,30.0,4.94,0.0,16.7,49.7,18.2,0.83,0.01
281,https://www.screener.in/company/IPCALAB/consolidated/,27471.0,1081.0,1162.0,670.0,56.8,242.0,0.37,11.2,8.04,1.0,13.0,61.4,35.8,25.4,10.3,6.92,43.2,5.72,0.93,0.32
282,https://www.screener.in/company/PRAJIND/consolidated/,9506.0,518.0,650.0,299.0,35.0,60.6,0.87,31.0,23.7,2.0,16.7,73.5,38.0,18.4,47.4,20.4,34.6,3.39,0.8,0.03
283,https://www.screener.in/company/FINPIPE/consolidated/,14414.0,232.0,260.0,158.0,31.4,90.4,0.65,6.53,5.13,2.0,-8.5,47.0,31.4,62.0,13.8,10.6,58.2,1.58,0.89,0.11
284,https://www.screener.in/company/HINDZINC/consolidated/,131809.0,312.0,383.0,290.0,15.6,32.3,24.2,50.4,44.5,2.0,-11.8,7.42,32.3,423.0,0.0,18.5,44.7,4.09,0.81,0.85
285,https://www.screener.in/company/BLUESTARCO/consolidated/,21600.0,1049.0,1098.0,600.0,68.3,114.0,1.14,24.4,23.4,2.0,16.6,75.0,90.3,20.6,14.2,4.44,68.0,3.44,0.96,0.37
287,https://www.screener.in/company/LUXIND/consolidated/,3864.0,1285.0,1721.0,1111.0,39.7,496.0,0.39,12.7,9.97,2.0,-4.95,15.6,23.9,3.01,12.6,25.4,37.6,12.3,0.75,0.16
288,https://www.screener.in/company/POWERGRID/consolidated/,217213.0,233.0,245.0,158.0,14.2,93.4,4.74,13.1,19.6,10.0,6.14,47.9,22.0,930.0,6.49,4.81,47.8,4.07,0.95,1.38
289,https://www.screener.in/company/BANKINDIA/consolidated/,61188.0,134.0,137.0,66.0,11.4,147.0,1.49,4.42,6.33,10.0,36.5,103.0,9.46,455.0,4.02,1.86,76.6,3.65,0.98,12.2
290,https://www.screener.in/company/ONGC/consolidated/,293496.0,234.0,239.0,140.0,6.24,246.0,4.82,13.9,14.1,5.0,-1.41,66.7,8.64,1258.0,16.8,2.28,73.8,10.9,0.98,0.46
292,https://www.screener.in/company/TATAELXSI/consolidated/,51758.0,8311.0,9200.0,5883.0,507.0,45.5,0.73,60.0,39.3,10.0,9.63,41.3,39.3,6.23,16.4,9.67,35.5,4.79,0.9,0.0
293,https://www.screener.in/company/PVRINOX/consolidated/,14518.0,1480.0,1880.0,1336.0,,758.0,0.0,3.28,-7.76,10.0,91.2,10.8,61.8,9.81,3.18,21.3,23.9,17.0,0.79,1.1
294,https://www.screener.in/company/MANKIND/consolidated/,85785.0,2143.0,2261.0,1241.0,55.1,210.0,0.0,22.4,18.4,1.0,12.4,72.7,35.8,40.1,14.3,5.23,57.9,12.5,0.95,0.02
295,https://www.screener.in/company/BRIGADE/consolidated/,22933.0,992.0,1000.0,441.0,97.0,147.0,0.2,8.41,6.34,10.0,1.05,125.0,32.9,23.1,9.38,0.82,79.6,5.78,0.99,1.44
296,https://www.screener.in/company/ADANIGREEN/consolidated/,251389.0,1588.0,2089.0,439.0,172.0,50.1,0.0,7.81,22.8,10.0,47.2,262.0,22.0,158.0,45.1,24.0,52.7,2.35,0.76,7.23
297,https://www.screener.in/company/FSL/consolidated/,13910.0,198.0,217.0,101.0,25.2,52.2,1.77,15.1,16.0,10.0,2.72,96.0,39.3,70.4,13.7,8.89,59.3,1.8,0.91,0.41
300,https://www.screener.in/company/PPLPHARMA/consolidated/,18508.0,140.0,146.0,61.6,,58.6,0.0,1.98,-2.76,10.0,9.71,127.0,35.8,132.0,0.0,4.01,58.6,0.04,0.96,0.58
301,https://www.screener.in/company/ABB/consolidated/,99846.0,4710.0,4990.0,2752.0,714.0,197.0,0.12,9.77,5.45,2.0,2.13,71.2,42.1,21.2,0.0,5.61,48.5,6.87,0.94,0.01
302,https://www.screener.in/company/SUNDRMFAST/consolidated/,26807.0,1276.0,1341.0,952.0,53.3,153.0,0.52,19.3,17.4,1.0,6.05,34.1,33.2,21.0,15.0,4.84,59.1,6.28,0.95,0.18
303,https://www.screener.in/company/VGUARD/consolidated/,12666.0,293.0,335.0,229.0,58.9,38.8,0.44,15.2,12.6,1.0,10.9,27.8,42.1,43.4,18.1,12.8,49.3,1.36,0.87,0.23
304,https://www.screener.in/company/EPIGRAL/consolidated/,4112.0,991.0,1208.0,811.0,18.4,272.0,0.5,32.1,39.4,10.0,1.18,22.3,21.7,4.16,0.0,18.0,50.1,9.15,0.82,0.86
305,https://www.screener.in/company/MPHASIS/consolidated/,47416.0,2514.0,2788.0,1660.0,29.5,419.0,1.99,28.9,21.9,10.0,0.48,51.4,30.0,18.9,16.0,9.84,43.9,20.8,0.9,0.2
306,https://www.screener.in/company/LATENTVIEW/consolidated/,9509.0,462.0,504.0,310.0,61.9,62.4,0.0,16.7,13.8,1.0,23.5,48.8,39.3,20.6,20.2,8.33,51.0,1.66,0.92,0.02
307,https://www.screener.in/company/IEX/consolidated/,12234.0,137.0,173.0,116.0,37.3,9.79,0.73,50.2,38.6,1.0,-0.78,18.3,38.7,89.2,16.0,20.8,31.5,0.97,0.79,0.01
308,https://www.screener.in/company/APARINDS/consolidated/,21562.0,5358.0,6136.0,1358.0,27.5,644.0,0.75,51.1,32.3,10.0,36.0,295.0,42.1,4.02,24.6,12.7,40.7,45.4,0.87,0.17
309,https://www.screener.in/company/SIEMENS/consolidated/,143881.0,4042.0,4245.0,2891.0,73.4,367.0,0.25,21.4,15.9,2.0,21.2,39.8,42.1,35.6,25.3,4.79,52.3,16.0,0.95,0.01
310,https://www.screener.in/company/KANSAINER/consolidated/,27505.0,341.0,357.0,247.0,45.5,65.4,0.53,14.5,10.7,1.0,4.7,37.8,53.4,80.8,12.6,4.53,60.3,2.19,0.95,0.06
312,https://www.screener.in/company/SAREGAMA/consolidated/,6621.0,343.0,466.0,288.0,35.4,74.3,0.88,17.6,12.8,1.0,6.34,19.0,61.8,19.3,12.2,26.4,32.8,2.49,0.74,0.0
313,https://www.screener.in/company/GLENMARK/consolidated/,24491.0,868.0,916.0,369.0,27.5,331.0,0.29,14.2,5.44,1.0,9.12,135.0,35.8,28.2,6.88,5.33,52.8,-2.9,0.95,0.56
314,https://www.screener.in/company/MRF/consolidated/,58298.0,137587.0,150254.0,81380.0,34.5,37328.0,0.13,7.43,4.87,10.0,11.0,69.1,27.3,0.42,12.3,8.43,80.8,1383.0,0.92,0.2
315,https://www.screener.in/company/INDUSINDBK/consolidated/,125509.0,1613.0,1694.0,990.0,14.5,709.0,0.87,6.93,14.4,10.0,27.4,62.9,14.4,77.8,8.11,4.82,51.9,29.6,0.95,7.0
316,https://www.screener.in/company/APOLLOTYRE/consolidated/,31762.0,500.0,506.0,303.0,20.0,204.0,0.8,10.2,8.77,1.0,8.67,64.8,27.3,63.5,14.5,1.23,76.3,7.47,0.99,0.43
317,https://www.screener.in/company/ICICIBANK/consolidated/,692963.0,986.0,1044.0,796.0,17.2,307.0,0.81,6.32,17.2,2.0,36.2,23.9,14.4,702.0,12.6,5.49,47.6,15.6,0.95,6.53
318,https://www.screener.in/company/GODREJPROP/consolidated/,64447.0,2316.0,2332.0,1005.0,97.6,340.0,0.0,5.69,5.39,5.0,54.6,130.0,32.9,27.8,-2.65,0.69,71.6,2.4,0.99,1.08
319,https://www.screener.in/company/CAMS/consolidated/,13779.0,2803.0,2989.0,2002.0,44.8,164.0,1.35,46.4,38.2,10.0,7.22,40.0,38.7,4.91,11.6,6.23,58.8,17.2,0.94,0.12
320,https://www.screener.in/company/AUBANK/consolidated/,49088.0,734.0,813.0,548.0,144.0,,0.14,12.4,22.3,10.0,18.5,34.0,14.4,66.9,28.9,9.75,38.9,,0.9,3.56
321,https://www.screener.in/company/CDSL/consolidated/,19026.0,1821.0,1988.0,881.0,59.4,117.0,0.88,30.3,23.8,10.0,7.92,107.0,38.7,10.4,37.3,8.4,45.8,10.4,0.92,0.0
322,https://www.screener.in/company/BRITANNIA/consolidated/,120729.0,5015.0,5386.0,4153.0,54.2,118.0,1.44,48.6,66.6,1.0,9.59,20.8,54.2,24.1,12.0,6.89,43.8,24.4,0.93,0.98
323,https://www.screener.in/company/AUROPHARMA/consolidated/,65946.0,1125.0,1164.0,397.0,28.0,481.0,0.27,9.2,7.47,1.0,13.3,183.0,35.8,58.6,2.47,3.34,58.6,12.9,0.97,0.24
324,https://www.screener.in/company/GLS/consolidated/,9281.0,757.0,762.0,369.0,26.4,,2.97,0.0,0.0,2.0,22.6,105.0,35.8,12.2,0.0,0.7,73.2,,0.99,0.0
325,https://www.screener.in/company/MARUTI/consolidated/,312009.0,9924.0,10933.0,8127.0,27.5,2178.0,0.91,14.5,11.5,5.0,22.6,22.1,27.5,31.4,15.8,9.22,37.6,125.0,0.91,0.01
326,https://www.screener.in/company/MTARTECH/consolidated/,6706.0,2180.0,2920.0,1472.0,64.9,215.0,0.0,22.5,18.2,10.0,71.6,48.1,74.3,3.08,39.0,25.4,45.3,6.65,0.75,0.38
329,https://www.screener.in/company/MFSL/consolidated/,31036.0,899.0,1069.0,599.0,61.3,109.0,0.0,11.9,10.2,2.0,33.9,50.0,22.1,34.5,19.9,15.9,37.9,4.29,0.84,0.13
330,https://www.screener.in/company/ACI/consolidated/,7407.0,600.0,732.0,494.0,18.8,127.0,0.42,45.5,44.8,2.0,0.52,21.4,34.3,12.3,33.3,18.0,38.9,5.36,0.82,0.04
331,https://www.screener.in/company/JUBLINGREA/consolidated/,7437.0,467.0,525.0,350.0,28.7,170.0,1.07,16.0,12.1,1.0,-12.9,33.3,34.3,15.9,0.0,11.0,41.4,3.61,0.89,0.28
332,https://www.screener.in/company/INDIAMART/consolidated/,15243.0,2489.0,3336.0,2180.0,52.3,252.0,0.4,18.8,14.4,10.0,25.4,14.2,44.7,6.12,15.5,25.4,32.7,13.4,0.75,0.03
333,https://www.screener.in/company/ERIS/consolidated/,12168.0,893.0,972.0,551.0,32.2,177.0,0.82,16.7,18.0,1.0,20.1,62.2,31.3,13.6,16.2,8.08,44.4,9.07,0.92,0.34
334,https://www.screener.in/company/ASIANPAINT/consolidated/,303476.0,3164.0,3568.0,2686.0,55.6,173.0,0.81,34.4,27.7,1.0,5.83,17.8,53.4,95.9,19.5,11.3,31.9,15.1,0.89,0.14
335,https://www.screener.in/company/ADANIPOWER/consolidated/,202318.0,524.0,589.0,132.0,9.82,105.0,0.0,15.8,44.8,10.0,14.4,295.0,22.0,386.0,13.6,11.2,51.6,17.1,0.89,0.8
336,https://www.screener.in/company/MINDACORP/consolidated/,9545.0,401.0,410.0,185.0,34.3,78.5,0.3,16.5,19.6,2.0,14.8,117.0,33.2,23.9,24.6,2.04,61.3,2.46,0.98,0.41
337,https://www.screener.in/company/MRPL/consolidated/,31135.0,178.0,186.0,49.2,8.23,68.1,0.0,20.1,31.2,10.0,-9.56,261.0,6.75,175.0,29.4,4.52,83.9,6.0,0.95,1.19
338,https://www.screener.in/company/APLAPOLLO/consolidated/,41827.0,1506.0,1806.0,1047.0,54.5,118.0,0.33,26.9,23.5,2.0,20.7,43.9,16.5,27.8,27.9,16.6,39.6,7.32,0.83,0.36
339,https://www.screener.in/company/FINEORG/consolidated/,13983.0,4562.0,5598.0,4031.0,30.5,559.0,0.2,65.3,49.4,5.0,-11.0,13.2,34.3,3.07,42.8,18.5,40.8,33.7,0.81,0.01
341,https://www.screener.in/company/NAUKRI/consolidated/,66152.0,5109.0,5404.0,3308.0,134.0,1526.0,0.37,2.76,-1.64,10.0,19.6,54.4,44.7,12.9,21.4,5.47,51.2,15.9,0.95,0.01
342,https://www.screener.in/company/ASTRAL/consolidated/,48097.0,1791.0,2058.0,1298.0,88.4,108.0,0.18,23.6,17.9,1.0,11.1,38.0,31.4,26.9,26.0,13.0,34.5,4.88,0.87,0.03
343,https://www.screener.in/company/SHRIRAMFIN/consolidated/,84693.0,2255.0,2335.0,1190.0,12.9,1234.0,1.55,12.1,17.3,10.0,33.8,89.5,22.1,37.6,22.6,3.41,63.1,47.6,0.97,3.77
344,https://www.screener.in/company/LALPATHLAB/consolidated/,20494.0,2456.0,2767.0,1762.0,68.0,212.0,0.49,18.2,15.0,10.0,5.14,39.4,48.1,8.35,14.9,11.2,40.0,13.1,0.89,0.17
345,https://www.screener.in/company/PNCINFRA/consolidated/,10554.0,411.0,428.0,261.0,17.2,180.0,0.12,14.8,16.2,2.0,4.05,57.6,27.8,25.6,12.4,3.9,79.4,5.77,0.96,1.54
346,https://www.screener.in/company/BERGEPAINT/consolidated/,67176.0,576.0,680.0,439.0,65.0,41.5,0.46,23.8,20.4,1.0,7.52,31.2,53.4,117.0,18.4,15.2,41.9,2.5,0.85,0.24
347,https://www.screener.in/company/TORNTPHARM/consolidated/,83476.0,2463.0,2494.0,1446.0,62.2,198.0,0.89,19.8,20.0,5.0,15.3,70.4,31.3,33.8,6.61,1.26,72.1,11.4,0.99,0.67
348,https://www.screener.in/company/ULTRACEMCO/consolidated/,285690.0,9892.0,10526.0,6604.0,50.2,1945.0,0.38,12.9,9.63,10.0,17.5,49.8,37.0,28.9,14.2,6.02,51.7,44.4,0.94,0.2
349,https://www.screener.in/company/JSL/consolidated/,46737.0,567.0,625.0,230.0,16.5,161.0,0.26,20.8,19.1,2.0,9.02,146.0,16.5,82.3,40.2,9.21,46.7,8.41,0.91,0.43
350,https://www.screener.in/company/WHIRLPOOL/consolidated/,17537.0,1381.0,1733.0,1217.0,88.2,282.0,0.36,8.43,6.37,10.0,-5.85,13.4,56.1,12.7,3.62,20.3,50.5,2.88,0.8,0.01
351,https://www.screener.in/company/DMART/consolidated/,244134.0,3749.0,4206.0,3292.0,100.0,268.0,0.0,20.1,16.0,10.0,18.6,13.9,68.0,65.1,19.9,10.9,32.6,10.6,0.89,0.04
352,https://www.screener.in/company/GMRINFRA/consolidated/,50533.0,83.7,88.7,36.0,,-1.66,0.0,4.49,0.0,1.0,36.4,132.0,38.3,604.0,-7.27,5.64,62.5,-0.32,0.94,0.0
353,https://www.screener.in/company/BLUEDART/consolidated/,16459.0,6935.0,7650.0,5632.0,56.3,513.0,0.43,26.3,34.9,10.0,1.52,23.1,56.3,2.37,17.7,9.35,32.4,30.8,0.91,0.9
354,https://www.screener.in/company/SUNTV/consolidated/,26449.0,671.0,735.0,394.0,14.2,256.0,2.23,25.5,19.2,5.0,4.11,70.4,61.8,39.4,2.33,8.67,38.6,11.8,0.91,0.01
355,https://www.screener.in/company/HLEGLAS/consolidated/,3728.0,546.0,699.0,465.0,67.1,50.4,0.2,23.5,24.1,2.0,13.5,17.4,38.0,6.83,29.8,21.9,48.7,1.47,0.78,1.06
356,https://www.screener.in/company/ABCAPITAL/consolidated/,45494.0,175.0,199.0,133.0,17.0,95.3,0.0,11.4,26.8,10.0,20.2,31.6,22.1,260.0,21.8,12.2,56.1,2.71,0.88,4.01
357,https://www.screener.in/company/POLYCAB/consolidated/,66603.0,4436.0,5733.0,2723.0,40.1,479.0,0.45,27.0,20.0,10.0,21.9,62.9,40.1,15.0,16.9,22.6,35.9,27.5,0.77,0.03
359,https://www.screener.in/company/GRINFRA/consolidated/,11132.0,1148.0,1382.0,930.0,8.97,703.0,0.0,21.6,26.1,5.0,-1.81,23.5,16.6,9.67,14.2,16.9,52.3,22.5,0.83,0.93
360,https://www.screener.in/company/AETHER/consolidated/,11489.0,867.0,1211.0,778.0,82.6,154.0,0.0,18.4,15.9,10.0,12.9,11.4,34.3,13.3,0.0,28.4,44.3,2.77,0.72,0.01
361,https://www.screener.in/company/METROPOLIS/consolidated/,8013.0,1565.0,1755.0,1171.0,60.1,204.0,0.51,17.4,15.2,2.0,-2.17,33.6,48.1,5.12,10.3,10.8,40.6,6.92,0.89,0.22
362,https://www.screener.in/company/HEROMOTOCO/consolidated/,87886.0,4394.0,4451.0,2246.0,26.3,884.0,2.28,22.7,16.7,2.0,5.5,95.6,46.9,20.0,5.3,1.28,75.6,50.4,0.99,0.04
363,https://www.screener.in/company/CREDITACC/consolidated/,26253.0,1649.0,1796.0,834.0,21.8,364.0,0.0,12.1,17.8,10.0,42.5,97.7,22.1,15.9,27.0,8.2,46.4,21.8,0.92,3.05
364,https://www.screener.in/company/LT/consolidated/,494184.0,3596.0,3617.0,2073.0,40.6,571.0,0.67,11.6,11.7,2.0,19.1,73.5,38.3,137.0,8.02,0.58,65.2,23.4,0.99,1.56
365,https://www.screener.in/company/JKPAPER/consolidated/,6784.0,400.0,428.0,306.0,5.56,272.0,2.0,28.5,34.0,10.0,21.3,30.6,7.33,16.9,28.1,6.5,52.0,17.8,0.94,0.54
366,https://www.screener.in/company/JKLAKSHMI/consolidated/,10180.0,862.0,916.0,607.0,28.5,247.0,0.43,14.2,13.1,5.0,13.8,42.0,37.0,11.8,13.9,5.84,49.7,7.88,0.94,0.69
367,https://www.screener.in/company/SWANENERGY/consolidated/,14521.0,549.0,575.0,193.0,99.2,95.8,0.02,2.19,-3.53,1.0,290.0,185.0,31.7,26.4,61.6,4.51,63.7,3.2,0.95,2.04
368,https://www.screener.in/company/TTML/consolidated/,17467.0,89.4,109.0,49.6,,-2.87,0.0,-12.7,0.0,10.0,7.97,80.0,57.1,195.0,0.0,18.1,43.3,-0.3,0.82,0.0
369,https://www.screener.in/company/MANAPPURAM/consolidated/,14364.0,170.0,182.0,101.0,7.72,125.0,1.77,11.7,16.6,2.0,24.4,67.9,22.1,84.6,6.94,6.83,49.5,6.6,0.93,3.11
370,https://www.screener.in/company/RITES/consolidated/,12489.0,520.0,584.0,311.0,26.0,107.0,3.94,29.7,21.3,10.0,-11.2,67.1,38.3,24.0,2.03,10.9,55.2,4.21,0.89,0.0
371,https://www.screener.in/company/RHIM/consolidated/,15667.0,758.0,870.0,576.0,100.0,197.0,0.33,10.8,14.0,1.0,47.0,31.6,38.1,20.6,25.2,12.9,43.8,3.45,0.87,0.13
372,https://www.screener.in/company/TATACOMM/consolidated/,50453.0,1770.0,1957.0,1157.0,54.9,51.0,1.19,23.9,142.0,10.0,13.2,53.0,57.1,28.5,1.48,9.59,55.0,1.57,0.9,6.06
373,https://www.screener.in/company/NTPC/consolidated/,290174.0,299.0,326.0,163.0,15.2,158.0,2.42,9.83,12.0,10.0,12.2,84.1,22.0,970.0,17.2,8.09,46.5,4.76,0.92,1.45
374,https://www.screener.in/company/JBCHEPHARM/consolidated/,24759.0,1595.0,1734.0,875.0,50.9,175.0,0.56,22.4,17.6,1.0,18.2,82.3,35.8,15.5,21.1,8.04,48.6,9.72,0.92,0.16
375,https://www.screener.in/company/TATAINVEST/consolidated/,22191.0,4383.0,4737.0,1730.0,68.3,4691.0,1.1,1.42,1.28,10.0,10.3,153.0,22.1,5.06,24.5,7.46,60.2,24.6,0.93,0.01
376,https://www.screener.in/company/BAJFINANCE/consolidated/,449132.0,7266.0,8192.0,5486.0,34.2,988.0,0.41,11.8,23.5,2.0,31.9,32.4,22.1,61.8,16.2,11.3,39.7,58.6,0.89,4.28
377,https://www.screener.in/company/HINDUNILVR/consolidated/,598466.0,2548.0,2770.0,2393.0,57.9,214.0,1.53,26.6,20.5,1.0,8.7,6.48,58.5,235.0,15.0,8.0,45.2,11.3,0.92,0.03
378,https://www.screener.in/company/M&MFIN/consolidated/,34312.0,278.0,347.0,216.0,17.4,151.0,2.16,8.87,11.9,2.0,20.8,28.8,22.1,124.0,2.26,19.8,51.9,2.27,0.8,4.86
379,https://www.screener.in/company/KOTAKBANK/consolidated/,353206.0,1777.0,2064.0,1644.0,20.6,563.0,0.08,6.86,14.3,5.0,35.4,8.14,14.4,199.0,7.99,13.9,35.5,22.4,0.86,3.75
380,https://www.screener.in/company/FDC/consolidated/,7122.0,438.0,446.0,245.0,28.4,121.0,0.0,12.8,9.63,1.0,15.1,78.8,35.8,16.3,9.91,1.7,68.8,4.29,0.98,0.01
381,https://www.screener.in/company/PIDILITIND/consolidated/,137116.0,2698.0,2805.0,2250.0,91.1,148.0,0.41,23.8,18.7,1.0,4.95,19.9,34.3,50.9,17.4,3.8,51.3,8.85,0.96,0.06
382,https://www.screener.in/company/JSWSTEEL/consolidated/,196577.0,804.0,896.0,649.0,22.1,302.0,0.42,8.33,5.64,1.0,4.89,23.8,16.5,245.0,31.3,10.3,37.5,11.3,0.9,1.11
383,https://www.screener.in/company/ZENSARTECH/consolidated/,12612.0,557.0,644.0,212.0,24.0,144.0,0.9,14.5,11.2,2.0,3.92,163.0,39.3,22.6,5.05,13.5,44.1,7.68,0.86,0.07
384,https://www.screener.in/company/ICICIPRULI/consolidated/,70009.0,486.0,616.0,381.0,76.7,76.9,0.12,10.0,8.45,10.0,52.0,27.7,42.3,144.0,33.0,21.0,23.3,1.58,0.79,0.11
385,https://www.screener.in/company/IBULHSGFIN/consolidated/,10041.0,204.0,235.0,91.8,8.76,384.0,0.61,9.79,6.62,2.0,-2.59,122.0,16.5,49.2,-13.0,13.2,43.7,6.21,0.87,2.63
386,https://www.screener.in/company/DLF/consolidated/,191960.0,775.0,816.0,336.0,85.9,153.0,0.52,4.61,5.47,2.0,-2.04,130.0,32.9,248.0,-2.17,4.94,64.6,2.52,0.95,0.09
387,https://www.screener.in/company/ELGIEQUIP/consolidated/,17256.0,544.0,623.0,355.0,42.9,46.1,0.37,24.4,23.8,1.0,11.4,53.2,42.9,31.7,18.5,12.7,56.5,2.88,0.87,0.43
388,https://www.screener.in/company/SBIN/consolidated/,560599.0,628.0,660.0,499.0,8.22,402.0,1.8,5.2,16.8,1.0,28.8,25.8,9.46,892.0,9.14,4.86,50.4,18.0,0.95,13.9
389,https://www.screener.in/company/SHARDACROP/consolidated/,3931.0,437.0,580.0,388.0,20.6,232.0,1.37,20.8,15.9,10.0,-3.7,12.5,34.0,9.02,26.4,24.7,50.3,-3.06,0.75,0.01
390,https://www.screener.in/company/LTIM/consolidated/,165886.0,5603.0,6443.0,4120.0,36.1,610.0,1.07,37.7,28.6,1.0,22.6,36.0,30.0,29.6,45.0,13.0,38.0,39.5,0.87,0.1
391,https://www.screener.in/company/JUBLFOOD/consolidated/,34579.0,524.0,587.0,412.0,147.0,31.6,0.23,16.2,18.1,2.0,7.31,27.2,113.0,66.0,9.51,10.7,36.8,1.47,0.89,1.25
392,https://www.screener.in/company/LAXMIMACH/consolidated/,14318.0,13394.0,15501.0,9031.0,34.4,2373.0,0.74,22.9,17.0,10.0,22.7,48.3,34.4,1.07,44.2,13.6,43.2,108.0,0.86,0.0
393,https://www.screener.in/company/BORORENEW/consolidated/,6380.0,489.0,573.0,380.0,839.0,71.6,0.0,0.0,0.0,1.0,0.0,28.6,35.9,13.0,0.0,14.7,57.4,1.92,0.85,0.52
394,https://www.screener.in/company/TATACONSUM/consolidated/,106591.0,1147.0,1216.0,685.0,86.3,174.0,0.74,9.32,6.86,1.0,11.4,67.4,29.9,92.9,12.7,5.71,74.2,3.64,0.94,0.09
395,https://www.screener.in/company/INDHOTEL/consolidated/,65885.0,464.0,479.0,280.0,59.9,58.3,0.22,12.6,12.7,1.0,38.6,65.5,39.6,142.0,9.19,3.2,59.8,1.18,0.97,0.33
396,https://www.screener.in/company/AXISBANK/consolidated/,338149.0,1098.0,1152.0,814.0,14.4,422.0,0.09,5.12,8.73,2.0,33.4,34.8,14.4,308.0,11.1,4.72,48.2,20.1,0.95,8.88
397,https://www.screener.in/company/TVSMOTOR/consolidated/,95590.0,2012.0,2109.0,968.0,65.6,133.0,0.25,13.2,25.6,1.0,20.7,108.0,46.9,47.5,19.3,4.62,54.4,8.13,0.95,2.03
398,https://www.screener.in/company/SRF/consolidated/,68016.0,2294.0,2637.0,2040.0,39.2,366.0,0.31,22.4,22.8,10.0,-5.2,12.4,34.3,29.6,27.3,13.0,36.5,10.2,0.87,0.46
399,https://www.screener.in/company/GESHIP/consolidated/,13693.0,959.0,1042.0,532.0,5.43,781.0,3.0,20.9,26.8,10.0,15.5,80.3,11.8,14.3,15.6,7.96,53.3,41.6,0.92,0.31
400,https://www.screener.in/company/COROMANDEL/consolidated/,33942.0,1153.0,1288.0,838.0,16.8,308.0,1.04,38.3,28.1,1.0,5.27,37.6,26.6,29.4,31.1,10.5,39.1,25.7,0.89,0.05
401,https://www.screener.in/company/PATANJALI/consolidated/,56435.0,1560.0,1714.0,852.0,,-140.0,0.38,1.58,0.0,2.0,5.84,83.2,25.2,36.2,-25.1,8.98,47.0,1.75,0.91,0.0
402,https://www.screener.in/company/JINDALSTEL/consolidated/,73411.0,720.0,768.0,503.0,17.0,407.0,0.28,14.2,10.6,1.0,-4.58,43.1,17.1,102.0,12.0,6.28,48.5,13.6,0.94,0.32
403,https://www.screener.in/company/CUMMINSIND/consolidated/,56276.0,2031.0,2099.0,1356.0,38.9,219.0,1.23,26.9,22.1,2.0,19.7,49.8,34.9,27.7,14.4,3.25,59.2,11.9,0.97,0.05
404,https://www.screener.in/company/TATAPOWER/consolidated/,110415.0,346.0,362.0,182.0,32.3,94.3,0.58,11.7,12.6,1.0,11.9,89.5,22.0,320.0,23.7,4.53,61.0,2.74,0.95,1.74
405,https://www.screener.in/company/DEEPAKNTR/consolidated/,31282.0,2293.0,2521.0,1730.0,39.2,318.0,0.33,29.7,22.7,2.0,-1.52,32.6,34.3,13.6,23.5,9.05,39.9,15.0,0.91,0.02
406,https://www.screener.in/company/GRASIM/consolidated/,139711.0,2054.0,2167.0,1521.0,21.1,1222.0,0.49,9.97,8.85,2.0,13.5,35.0,25.9,68.0,19.9,5.23,46.5,17.1,0.95,1.47
407,https://www.screener.in/company/VEDL/consolidated/,99229.0,268.0,341.0,208.0,20.0,85.0,37.9,21.2,20.4,1.0,-3.01,28.7,17.8,372.0,20.4,21.5,57.2,-4.8,0.79,2.38
408,https://www.screener.in/company/PRESTIGE/consolidated/,52121.0,1302.0,1440.0,391.0,30.6,275.0,0.12,10.3,7.56,10.0,25.0,233.0,32.9,40.1,0.77,9.58,60.7,21.2,0.9,1.0
409,https://www.screener.in/company/ESCORTS/consolidated/,32115.0,2908.0,3440.0,1808.0,35.3,783.0,0.24,11.3,8.56,10.0,14.2,60.9,29.1,11.0,13.2,15.5,44.1,20.2,0.85,0.01
410,https://www.screener.in/company/ZYDUSWELL/consolidated/,10287.0,1617.0,1721.0,1364.0,34.0,818.0,0.31,5.93,6.4,10.0,5.44,18.6,39.0,6.36,8.47,6.02,47.1,0.93,0.94,0.07
411,https://www.screener.in/company/AEGISCHEM/consolidated/,13210.0,376.0,410.0,280.0,26.0,104.0,1.53,15.9,15.9,1.0,-1.65,34.5,51.4,35.1,6.3,8.28,63.3,3.62,0.92,0.65
412,https://www.screener.in/company/ENDURANCE/consolidated/,28677.0,2036.0,2319.0,1172.0,51.0,326.0,0.34,13.8,11.3,10.0,10.4,73.8,33.2,14.1,8.38,12.2,63.8,11.0,0.88,0.15
413,https://www.screener.in/company/ASAHIINDIA/consolidated/,13425.0,553.0,651.0,420.0,39.5,91.2,0.36,20.5,18.6,1.0,15.6,31.7,35.9,24.3,15.0,15.2,43.4,3.57,0.85,0.7
414,https://www.screener.in/company/BAJAJFINSV/consolidated/,252462.0,1581.0,1742.0,1215.0,34.0,319.0,0.05,11.3,14.8,1.0,29.4,30.1,22.1,160.0,14.7,9.23,29.0,12.1,0.91,4.94
415,https://www.screener.in/company/INTELLECT/consolidated/,11845.0,866.0,869.0,388.0,37.4,164.0,0.29,18.8,13.8,5.0,16.0,123.0,39.3,13.7,18.3,0.35,71.1,5.16,1.0,0.02
416,https://www.screener.in/company/SUNDARMFIN/consolidated/,40408.0,3633.0,3865.0,2190.0,26.8,952.0,0.74,8.0,14.1,10.0,20.3,65.9,22.1,11.1,5.33,5.99,55.3,32.9,0.94,4.62
417,https://www.screener.in/company/HAVELLS/consolidated/,87794.0,1400.0,1472.0,1128.0,74.6,110.0,0.54,22.3,17.0,1.0,10.7,24.1,60.2,62.7,21.4,4.87,55.5,3.97,0.95,0.04
418,https://www.screener.in/company/LEMONTREE/consolidated/,10628.0,134.0,138.0,72.0,81.7,10.9,0.0,10.1,13.6,10.0,43.5,86.3,39.6,79.2,9.34,3.21,65.2,0.29,0.97,2.73
419,https://www.screener.in/company/LUPIN/consolidated/,64900.0,1426.0,1436.0,628.0,48.8,291.0,0.28,5.73,3.33,2.0,16.8,127.0,35.8,45.5,2.67,0.72,68.3,10.8,0.99,0.29
420,https://www.screener.in/company/RAMCOCEM/consolidated/,22461.0,951.0,1058.0,636.0,64.5,298.0,0.21,6.48,4.65,1.0,34.1,49.5,31.4,23.6,14.8,10.1,36.5,3.05,0.9,0.72
421,https://www.screener.in/company/MAPMYINDIA/consolidated/,10642.0,1967.0,2344.0,983.0,86.0,113.0,0.15,27.4,21.7,2.0,29.7,100.0,39.3,5.41,23.7,16.1,43.2,5.69,0.84,0.04
422,https://www.screener.in/company/BSE/consolidated/,31105.0,2298.0,2595.0,406.0,89.4,229.0,0.52,13.2,8.65,2.0,28.8,466.0,38.7,13.5,15.2,11.5,53.2,8.9,0.89,0.0
423,https://www.screener.in/company/VAIBHAVGBL/consolidated/,8105.0,488.0,493.0,269.0,67.1,73.9,1.23,11.1,9.02,2.0,2.56,81.5,37.1,16.6,10.6,1.11,73.0,1.78,0.99,0.15
424,https://www.screener.in/company/PERSISTENT/consolidated/,59795.0,7763.0,7898.0,3916.0,59.6,574.0,0.52,30.3,25.3,10.0,29.8,98.2,39.3,7.69,32.8,1.7,73.6,34.2,0.98,0.13
425,https://www.screener.in/company/EPL/consolidated/,6301.0,198.0,236.0,147.0,25.0,63.0,2.17,12.2,11.9,2.0,7.97,34.5,24.8,31.8,10.2,16.3,48.3,1.59,0.84,0.46
426,https://www.screener.in/company/HDFCBANK/consolidated/,1128798.0,1486.0,1758.0,1460.0,19.1,519.0,1.28,6.24,17.1,1.0,58.6,1.77,14.4,759.0,11.8,15.4,25.8,22.7,0.85,7.39
427,https://www.screener.in/company/MUTHOOTFIN/consolidated/,55421.0,1380.0,1537.0,911.0,13.9,570.0,1.59,12.1,17.9,10.0,13.3,51.5,22.1,40.2,7.1,10.2,35.4,26.4,0.9,2.73
428,https://www.screener.in/company/BATAINDIA/consolidated/,19487.0,1517.0,1771.0,1381.0,62.0,109.0,0.89,19.6,19.8,5.0,5.39,9.84,57.2,12.8,4.14,14.4,28.9,2.64,0.86,0.9
429,https://www.screener.in/company/GMMPFAUDLR/consolidated/,6774.0,1508.0,1898.0,1350.0,35.4,207.0,0.13,22.0,24.9,2.0,22.6,11.7,38.0,4.5,75.2,20.5,41.6,15.8,0.79,1.06
430,https://www.screener.in/company/SHREECEM/consolidated/,95515.0,26477.0,29250.0,21410.0,52.3,5403.0,0.38,8.51,6.98,10.0,17.1,23.7,37.0,3.61,11.5,9.48,38.0,124.0,0.91,0.1
431,https://www.screener.in/company/REDINGTON/consolidated/,13814.0,177.0,196.0,136.0,11.1,88.2,4.07,24.9,21.9,2.0,24.6,29.9,51.4,78.2,15.5,9.72,54.7,3.88,0.9,0.48
432,https://www.screener.in/company/DEVYANI/consolidated/,22121.0,183.0,228.0,134.0,104.0,8.59,0.0,18.4,33.9,1.0,20.4,36.9,113.0,121.0,25.5,19.5,40.2,0.28,0.81,1.63
433,https://www.screener.in/company/POLYMED/consolidated/,13925.0,1451.0,1677.0,820.0,59.6,139.0,0.21,18.3,14.8,5.0,23.6,76.9,48.1,9.59,17.5,13.5,43.7,6.48,0.87,0.1
434,https://www.screener.in/company/IDFC/consolidated/,19824.0,124.0,137.0,72.8,30.9,75.8,0.0,-24.4,-25.3,10.0,14.3,70.0,22.1,160.0,-23.3,9.6,50.1,1.4,0.9,0.0
436,https://www.screener.in/company/VIJAYA/consolidated/,6803.0,664.0,699.0,349.0,65.8,58.4,0.15,18.4,16.6,1.0,9.27,90.3,48.1,10.2,10.7,4.93,53.4,3.26,0.95,0.42
437,https://www.screener.in/company/MEDANTA/consolidated/,28483.0,1061.0,1076.0,426.0,69.7,98.9,0.0,17.1,16.2,2.0,25.6,149.0,48.1,26.8,21.6,1.39,69.1,4.66,0.99,0.3
438,https://www.screener.in/company/HINDCOPPER/consolidated/,24558.0,254.0,289.0,93.8,76.6,22.6,0.36,18.0,14.7,5.0,13.4,171.0,32.3,96.7,26.3,12.3,56.6,0.63,0.88,0.13
439,https://www.screener.in/company/LTTS/consolidated/,57137.0,5407.0,5568.0,3216.0,43.9,453.0,0.83,32.6,25.0,2.0,15.6,68.1,30.0,10.6,12.6,2.9,60.0,31.8,0.97,0.11
440,https://www.screener.in/company/MCX/consolidated/,16281.0,3193.0,3344.0,1285.0,363.0,261.0,0.6,13.2,10.3,10.0,36.1,148.0,38.7,5.1,8.88,4.51,55.8,-3.74,0.95,0.0
441,https://www.screener.in/company/ISEC/consolidated/,24650.0,764.0,800.0,416.0,17.3,101.0,2.49,18.1,42.3,5.0,28.3,83.4,20.6,32.3,25.7,4.49,57.7,14.4,0.96,3.79
442,https://www.screener.in/company/MARICO/consolidated/,67850.0,524.0,595.0,463.0,48.1,32.6,0.86,41.9,35.8,1.0,0.43,13.4,25.2,129.0,10.1,11.8,42.6,2.73,0.88,0.12
443,https://www.screener.in/company/GODFRYPHLP/consolidated/,11073.0,2129.0,2405.0,1605.0,13.8,729.0,2.07,21.5,18.2,2.0,19.6,32.6,18.0,5.2,7.39,11.5,47.3,38.9,0.89,0.09
444,https://www.screener.in/company/GLAND/consolidated/,32128.0,1950.0,2058.0,861.0,43.8,504.0,0.0,14.8,10.9,1.0,5.85,127.0,31.3,16.5,11.2,5.22,57.2,11.8,0.95,0.04
445,https://www.screener.in/company/ASTERDM/consolidated/,21661.0,434.0,450.0,201.0,66.8,87.6,0.0,9.21,11.0,10.0,19.6,116.0,48.1,50.0,11.3,3.52,67.6,-0.62,0.96,1.37
446,https://www.screener.in/company/CGPOWER/consolidated/,69171.0,453.0,503.0,277.0,79.2,14.6,0.33,61.6,66.0,2.0,18.1,63.8,42.1,153.0,10.9,10.0,48.2,1.59,0.9,0.01
447,https://www.screener.in/company/HINDALCO/consolidated/,124720.0,555.0,621.0,381.0,14.8,443.0,0.54,11.3,11.7,1.0,-1.84,45.6,32.6,225.0,23.6,10.6,43.4,9.77,0.89,0.59
448,https://www.screener.in/company/L&TFH/consolidated/,41418.0,166.0,175.0,79.0,22.8,89.4,1.2,7.56,6.41,10.0,8.65,111.0,22.1,249.0,-3.25,4.86,56.5,2.4,0.95,3.45
449,https://www.screener.in/company/PIIND/consolidated/,50794.0,3356.0,4011.0,2869.0,34.0,526.0,0.3,21.7,18.5,1.0,18.8,17.0,34.0,15.2,24.5,16.3,36.8,31.7,0.84,0.02
450,https://www.screener.in/company/DELHIVERY/consolidated/,29511.0,400.0,452.0,291.0,,124.0,0.0,-11.4,-13.5,1.0,-0.7,37.6,56.3,73.6,37.5,11.5,52.0,-1.4,0.89,0.1
451,https://www.screener.in/company/KIMS/consolidated/,16189.0,2022.0,2230.0,1282.0,47.3,227.0,0.0,23.7,21.3,10.0,31.3,57.8,48.1,8.0,25.1,9.31,60.2,11.5,0.91,0.53
452,https://www.screener.in/company/RATNAMANI/consolidated/,23023.0,3282.0,3939.0,1916.0,37.0,402.0,0.37,27.3,21.0,2.0,29.8,71.3,21.9,7.01,20.1,16.7,41.3,23.4,0.83,0.06
453,https://www.screener.in/company/MCDOWELL-N/consolidated/,77783.0,1069.0,1132.0,731.0,60.6,93.6,0.37,20.0,17.5,2.0,0.03,46.4,29.2,72.7,4.4,5.53,42.2,4.66,0.94,0.03
454,https://www.screener.in/company/IDFCFIRSTB/consolidated/,61036.0,86.4,101.0,52.1,21.0,39.1,0.0,6.59,10.6,10.0,37.1,65.8,14.4,707.0,11.8,14.2,48.4,1.11,0.86,7.8
455,https://www.screener.in/company/SYRMA/consolidated/,10677.0,602.0,705.0,248.0,80.2,88.7,0.25,14.9,11.2,10.0,63.8,142.0,116.0,17.8,33.4,14.7,40.1,1.6,0.85,0.3
456,https://www.screener.in/company/SAPPHIRE/consolidated/,8982.0,1408.0,1568.0,1102.0,43.2,206.0,0.0,9.81,20.7,10.0,16.1,27.7,113.0,6.37,19.1,10.2,48.6,2.41,0.9,0.82
457,https://www.screener.in/company/COFORGE/consolidated/,40022.0,6487.0,6789.0,3565.0,55.2,541.0,0.99,30.8,25.1,10.0,21.3,82.0,39.3,6.18,24.2,4.45,63.0,29.4,0.96,0.36
458,https://www.screener.in/company/CHALET/consolidated/,14793.0,719.0,769.0,331.0,64.4,82.3,0.0,9.22,10.9,10.0,54.1,117.0,39.6,20.5,4.78,6.44,62.7,1.77,0.94,1.76
459,https://www.screener.in/company/SUVENPHAR/consolidated/,17349.0,681.0,768.0,375.0,40.2,76.0,0.15,32.5,24.5,1.0,-5.17,81.5,35.8,25.5,17.1,11.4,44.4,3.13,0.89,0.03
460,https://www.screener.in/company/NLCINDIA/consolidated/,31531.0,227.0,267.0,69.7,16.3,119.0,1.54,13.5,15.5,10.0,14.7,226.0,22.0,139.0,16.1,14.9,54.6,7.82,0.85,1.32
461,https://www.screener.in/company/SHOPERSTOP/consolidated/,7712.0,702.0,890.0,574.0,106.0,21.6,0.0,15.3,80.7,5.0,10.0,22.4,301.0,11.0,5.11,21.0,56.0,3.35,0.79,10.5
462,https://www.screener.in/company/FINCABLES/consolidated/,16225.0,1060.0,1219.0,525.0,25.2,301.0,0.66,15.6,12.2,2.0,11.7,102.0,40.1,15.3,15.9,13.1,54.6,10.1,0.87,0.0
463,https://www.screener.in/company/CRISIL/consolidated/,30009.0,4102.0,4455.0,2951.0,49.5,263.0,1.17,41.1,32.9,1.0,14.8,39.0,36.4,7.31,16.9,7.92,42.3,20.8,0.92,0.03
464,https://www.screener.in/company/MEDPLUS/consolidated/,8815.0,738.0,978.0,598.0,151.0,128.0,0.0,5.47,3.26,2.0,28.0,23.5,68.0,11.9,16.7,24.5,42.1,1.22,0.75,0.63
465,https://www.screener.in/company/ECLERX/consolidated/,12984.0,2647.0,2828.0,1272.0,25.7,403.0,0.04,36.5,29.3,10.0,15.2,108.0,39.3,4.9,22.6,6.4,54.2,27.7,0.94,0.11
466,https://www.screener.in/company/NUVOCO/consolidated/,12140.0,340.0,399.0,288.0,22.2,248.0,0.0,1.93,4.73,10.0,7.52,18.1,37.0,35.7,15.9,14.7,31.1,0.04,0.85,0.58
467,https://www.screener.in/company/BAJAJ-AUTO/consolidated/,200610.0,7084.0,7420.0,3551.0,29.3,1037.0,1.98,26.2,20.2,10.0,11.9,99.5,176.0,28.3,6.81,4.53,63.2,71.4,0.95,0.0
468,https://www.screener.in/company/TRITURBINE/consolidated/,12651.0,398.0,457.0,259.0,54.3,27.9,0.0,28.7,21.5,1.0,44.0,53.5,42.1,31.8,15.1,12.9,42.7,2.02,0.87,0.0
469,https://www.screener.in/company/CRAFTSMAN/consolidated/,9924.0,4699.0,5514.0,2699.0,33.3,721.0,0.24,20.6,19.8,5.0,48.1,74.1,33.2,2.11,28.7,14.8,33.5,44.8,0.85,0.99
470,https://www.screener.in/company/KPITTECH/consolidated/,42023.0,1532.0,1640.0,686.0,86.0,67.8,0.27,30.2,25.7,10.0,56.4,123.0,39.3,27.4,16.0,6.58,57.1,5.14,0.93,0.2
471,https://www.screener.in/company/BCG/consolidated/,3967.0,19.6,36.8,9.27,2.8,34.7,0.0,30.9,22.3,2.0,30.1,112.0,39.3,202.0,40.1,46.6,51.1,1.59,0.53,0.0
472,https://www.screener.in/company/BAYERCROP/consolidated/,26050.0,5788.0,6012.0,3920.0,529.0,84.5,2.25,20.1,15.8,10.0,8.94,47.6,33.9,4.49,0.0,3.72,56.8,4.37,0.96,0.34
473,https://www.screener.in/company/M&M/consolidated/,200921.0,1617.0,1758.0,1123.0,18.6,486.0,1.0,12.7,18.1,5.0,21.9,44.0,27.5,124.0,17.2,8.01,45.2,18.9,0.92,1.65
474,https://www.screener.in/company/ALKEM/consolidated/,59023.0,4934.0,5316.0,2835.0,39.3,823.0,0.51,13.7,12.1,2.0,14.8,74.0,35.8,12.0,11.6,7.18,45.9,51.9,0.93,0.15
475,https://www.screener.in/company/UNOMINDA/consolidated/,39050.0,681.0,727.0,433.0,52.6,77.6,0.22,18.1,17.1,2.0,24.8,57.2,33.2,57.3,21.8,6.35,48.8,3.93,0.94,0.37
476,https://www.screener.in/company/QUESS/consolidated/,7532.0,507.0,539.0,337.0,38.8,182.0,1.58,9.39,7.37,10.0,16.0,50.2,30.8,14.8,16.0,5.94,50.9,4.85,0.94,0.36
477,https://www.screener.in/company/TRENT/consolidated/,112107.0,3152.0,3248.0,1155.0,188.0,82.0,0.07,11.5,11.9,1.0,53.4,173.0,68.0,35.6,33.2,2.97,68.3,6.6,0.97,1.66
478,https://www.screener.in/company/NYKAA/consolidated/,47448.0,166.0,196.0,114.0,2420.0,4.88,0.0,5.52,1.42,1.0,27.9,45.2,45.0,286.0,42.8,15.1,41.9,0.02,0.85,0.69
479,https://www.screener.in/company/CCL/consolidated/,8377.0,629.0,750.0,512.0,29.9,119.0,0.87,15.8,19.7,2.0,27.7,23.0,29.9,13.3,22.0,16.1,45.8,4.57,0.84,0.72
480,https://www.screener.in/company/USHAMART/consolidated/,9394.0,309.0,374.0,164.0,23.5,70.6,0.81,21.2,18.8,1.0,7.53,87.6,21.9,30.5,14.9,17.5,49.9,3.59,0.83,0.2
481,https://www.screener.in/company/MASTEK/consolidated/,8915.0,2902.0,3070.0,1475.0,31.5,585.0,0.65,23.4,19.9,5.0,22.5,96.8,39.3,3.07,33.7,5.46,66.1,24.6,0.95,0.28
482,https://www.screener.in/company/COLPAL/consolidated/,67903.0,2495.0,2546.0,1435.0,157.0,12.1,1.56,179.0,158.0,1.0,15.4,73.9,58.5,27.2,14.9,2.01,60.3,,0.98,0.01
483,https://www.screener.in/company/SUPREMEIND/consolidated/,49881.0,3924.0,4888.0,2335.0,48.5,363.0,0.66,26.8,21.0,2.0,9.0,68.1,31.4,12.7,18.6,19.7,25.8,19.1,0.8,0.01
484,https://www.screener.in/company/CHOLAHLDNG/consolidated/,19082.0,1017.0,1296.0,511.0,12.4,451.0,0.05,9.78,18.3,1.0,39.0,99.0,22.1,18.8,11.4,21.5,46.1,22.4,0.78,14.1
485,https://www.screener.in/company/KPRMILL/consolidated/,26359.0,771.0,928.0,506.0,33.4,118.0,0.52,24.4,23.4,1.0,17.9,52.4,40.5,34.2,22.6,17.0,39.0,5.9,0.83,0.21
486,https://www.screener.in/company/DIXON/consolidated/,37693.0,6303.0,6765.0,2553.0,123.0,244.0,0.05,24.2,22.5,2.0,7.35,147.0,49.2,5.98,40.4,6.83,51.0,18.0,0.93,0.19
487,https://www.screener.in/company/GAEL/consolidated/,7693.0,335.0,410.0,224.0,25.2,112.0,0.21,18.0,14.5,1.0,-0.15,49.6,25.2,22.9,8.75,18.2,35.7,3.61,0.82,0.11
488,https://www.screener.in/company/BHARTIARTL/consolidated/,638530.0,1087.0,1117.0,736.0,59.3,138.0,0.37,12.3,12.0,5.0,13.7,47.7,57.1,562.0,18.0,2.68,69.1,2.39,0.97,2.81
489,https://www.screener.in/company/3MINDIA/consolidated/,38437.0,34093.0,39876.0,21405.0,71.7,1634.0,0.29,31.4,23.4,10.0,12.4,59.3,30.8,1.13,9.85,14.5,53.8,130.0,0.85,0.01
490,https://www.screener.in/company/KEI/consolidated/,28344.0,3140.0,3420.0,1466.0,53.6,317.0,0.1,25.8,20.2,2.0,14.4,114.0,40.1,9.02,12.2,8.18,53.7,15.5,0.92,0.07
491,https://www.screener.in/company/METROBRAND/consolidated/,32995.0,1213.0,1441.0,736.0,101.0,61.6,0.33,24.3,25.4,5.0,16.7,64.8,57.2,27.2,18.3,15.8,37.5,3.6,0.84,0.63
492,https://www.screener.in/company/360ONE/consolidated/,23098.0,643.0,735.0,395.0,32.2,91.1,2.68,13.4,21.4,1.0,16.5,62.8,22.1,35.8,10.6,12.5,45.8,5.36,0.87,2.42
493,https://www.screener.in/company/GOCOLORS/consolidated/,6243.0,1160.0,1405.0,876.0,352.0,,0.0,22.7,19.3,10.0,59.6,32.4,34.8,5.4,0.0,17.4,27.4,,0.83,0.37
494,https://www.screener.in/company/CHEMPLASTS/consolidated/,7716.0,487.0,543.0,342.0,219.0,115.0,0.0,14.9,11.9,5.0,-26.3,42.4,34.3,15.8,57.8,10.4,46.6,1.65,0.9,0.71
495,https://www.screener.in/company/BSOFT/consolidated/,21384.0,778.0,806.0,250.0,56.5,98.9,0.45,17.2,12.9,2.0,11.1,211.0,39.3,27.6,13.4,3.49,67.6,5.27,0.97,0.03
496,https://www.screener.in/company/CHOLAFIN/consolidated/,108540.0,1292.0,1310.0,688.0,35.9,192.0,0.15,9.72,20.4,2.0,44.3,87.9,22.1,84.0,13.9,1.4,61.5,9.4,0.99,7.56
497,https://www.screener.in/company/EICHERMOT/consolidated/,101037.0,3691.0,4202.0,2836.0,28.2,582.0,1.0,27.4,21.1,1.0,20.3,30.2,46.9,27.4,16.4,12.2,33.6,37.1,0.88,0.03
498,https://www.screener.in/company/SONATSOFTW/consolidated/,21465.0,766.0,804.0,286.0,45.1,51.4,1.03,39.1,37.7,1.0,22.8,168.0,39.3,28.0,25.8,4.75,63.6,4.43,0.95,0.35
499,https://www.screener.in/company/SAFARI/consolidated/,9042.0,1900.0,2315.0,850.0,55.7,108.0,0.09,37.5,34.4,2.0,39.8,123.0,57.0,4.76,20.9,17.9,40.8,8.35,0.82,0.26
500,https://www.screener.in/company/BBTC/consolidated/,11091.0,1591.0,1702.0,781.0,41.6,572.0,0.08,15.5,-70.0,2.0,8.91,104.0,33.2,6.98,11.8,6.5,58.2,17.5,0.94,1.39
